{"epoch": 0, "train_loss": 0.11797056594514288, "train_acc": 0.98499995470047, "valid_loss": 9.830378055572512, "valid_acc": 0.16818180680274963, "LR": 0.001, "Trance_valid_acc": 0.0, "_runtime": 124, "_timestamp": 1629234716, "_step": 0}