{"epoch": 29, "train_loss": 0.11277417797748357, "train_acc": 0.01167343370616436, "valid_loss": 0.39282792564237484, "valid_acc": 0.001623339718207717, "LR": 1e-05, "O_valid_acc": 0.0, "B-PERSON_valid_acc": 0.9087677597999573, "I-PERSON_valid_acc": 0.7832939028739929, "B-GPE_valid_acc": 0.9086464643478394, "I-GPE_valid_acc": 0.7371349334716797, "B-ORG_valid_acc": 0.7375314831733704, "I-ORG_valid_acc": 0.6767809987068176, "B-EMPLOYMENT_valid_acc": 0.9534333348274231, "I-EMPLOYMENT_valid_acc": 0.8757061958312988, "_runtime": 7834, "_timestamp": 1633194102, "_step": 29}