{"epoch": 0, "train_loss": 0.3302365359101262, "train_acc": 0.07539890706539154, "valid_loss": 0.4458134383548816, "valid_acc": 0.011469990015029907, "LR": 0.00025, "B-ORG_valid_rec": 0.7575454115867615, "I-ORG_valid_rec": 0.8369777798652649, "B-EMPLOYMENT_valid_rec": 0.9476725459098816, "I-EMPLOYMENT_valid_rec": 0.9750328660011292, "B-EMPLOYMENT_valid_prec": 0.09146114438772202, "I-EMPLOYMENT_valid_prec": 0.011494608595967293, "_runtime": 196, "_timestamp": 1633649719, "_step": 0, "_wandb": {"runtime": 215}}