{"epoch": 51, "train_loss": 0.21210512613997626, "train_acc": 0.9554874300956726, "valid_loss": 0.470293912956378, "valid_acc": 0.79720538854599, "LR": 0.000125, "0_valid_rec": 0.7965637445449829, "1_valid_rec": 0.9732824563980103, "0_valid_prec": 0.9998714923858643, "1_valid_prec": 0.018001271411776543, "_runtime": 78813, "_timestamp": 1638362709, "_step": 51}