{"epoch": 12, "train_loss": 0.6065938110812839, "train_acc": 0.009330696426331997, "valid_loss": 0.7241431990695313, "valid_acc": 0.00144387676846236, "LR": 0.00015, "B-ORG_valid_rec": 0.6849583387374878, "I-ORG_valid_rec": 0.5997490882873535, "B-EMPLOYMENT_valid_rec": 0.9195583462715149, "I-EMPLOYMENT_valid_rec": 0.9664804339408875, "B-EMPLOYMENT_valid_prec": 0.07174501568078995, "I-EMPLOYMENT_valid_prec": 0.010644843801856041, "_runtime": 1302, "_timestamp": 1633463265, "_step": 12, "B-EMPLOYMENT_appended_data": 96, "I-EMPLOYMENT_appended_data": 218, "_wandb": {"runtime": 1377}}