{"epoch": 26, "train_loss": -11.518462131893823, "train_acc": 0.47482144832611084, "valid_loss": -11.4619114191893, "valid_acc": 0.07450734078884125, "LR": 0.00025, "O_valid_rec": 0.8334674835205078, "GPE_valid_rec": 0.9439758658409119, "ORG_valid_rec": 0.9151676893234253, "EMPLOYMENT_valid_rec": 0.934475302696228, "AGE_valid_rec": 0.9992092251777649, "PERSON_FAM_valid_rec": 0.9275352954864502, "O_valid_prec": 0.8798809051513672, "GPE_valid_prec": 0.06608551740646362, "ORG_valid_prec": 0.01639179326593876, "EMPLOYMENT_valid_prec": 0.013639500364661217, "AGE_valid_prec": 0.008989670313894749, "PERSON_FAM_valid_prec": 0.015012597665190697, "elr_loss_train": -0.0007280999109045499, "elr_loss_valid": -0.0007339806945026198, "_runtime": 3158, "_timestamp": 1634761813, "_step": 26}