{"epoch": 23, "train_loss": 1.1417333560839547, "train_acc": 0.568793535232544, "valid_loss": 1.9390373576214923, "valid_acc": 0.5842945575714111, "LR": 0.001, "acting_valid_rec": 0.5289255976676941, "arts_valid_rec": 0.45423728227615356, "author_valid_rec": 0.49714285135269165, "automotive_valid_rec": 0.620244562625885, "beauty_valid_rec": 0.755721926689148, "business_valid_rec": 0.6176961660385132, "children_valid_rec": 0.2922258675098419, "cinema_valid_rec": 0.6040268540382385, "comedy_valid_rec": 0.0625, "comicbooks_valid_rec": 0.5352112650871277, "diy_and_crafts_valid_rec": 0.5603613257408142, "education_valid_rec": 0.38823530077934265, "entrepreneur_valid_rec": 0.541223406791687, "fashion_valid_rec": 0.6969144940376282, "fitness_valid_rec": 0.43957704305648804, "food_valid_rec": 0.6422712802886963, "gaming_valid_rec": 0.3849206268787384, "home_and_gardening_valid_rec": 0.4852459132671356, "lifestyle_valid_rec": 0.3021201491355896, "literature_valid_rec": 0.6666666865348816, "marketing_valid_rec": 0.607594907283783, "motivational_valid_rec": 0.3096774220466614, "music_valid_rec": 0.39516130089759827, "performance_arts_valid_rec": 0.40909090638160706, "pets_valid_rec": 0.42382270097732544, "photography_valid_rec": 0.9350649118423462, "running_valid_rec": 0.6130267977714539, "science_valid_rec": 0.7580071091651917, "spirituality_valid_rec": 0.7256317734718323, "sports_valid_rec": 0.5295698642730713, "tattoos_valid_rec": 0.5944700241088867, "technology_valid_rec": 0.5243242979049683, "travel_valid_rec": 0.5350877046585083, "vegan_valid_rec": 0.5414634346961975, "video_games_valid_rec": 0.40186914801597595, "wedding_valid_rec": 0.5951904058456421, "yoga_valid_rec": 0.2526002824306488, "acting_valid_prec": 0.35820895433425903, "arts_valid_prec": 0.6063348650932312, "author_valid_prec": 0.15508021414279938, "automotive_valid_prec": 0.6042355895042419, "beauty_valid_prec": 0.953693687915802, "business_valid_prec": 0.5547226667404175, "children_valid_prec": 0.7721645832061768, "cinema_valid_prec": 0.41474655270576477, "comedy_valid_prec": 0.015037594363093376, "comicbooks_valid_prec": 0.1589958220720291, "diy_and_crafts_valid_prec": 0.6891689896583557, "education_valid_prec": 0.2532617151737213, "entrepreneur_valid_prec": 0.5728360414505005, "fashion_valid_prec": 0.8162549734115601, "fitness_valid_prec": 0.43175074458122253, "food_valid_prec": 0.6944065690040588, "gaming_valid_prec": 0.10972850769758224, "home_and_gardening_valid_prec": 0.22981366515159607, "lifestyle_valid_prec": 0.1286681741476059, "literature_valid_prec": 0.6333333253860474, "marketing_valid_prec": 0.10958904027938843, "motivational_valid_prec": 0.10572687536478043, "music_valid_prec": 0.14080460369586945, "performance_arts_valid_prec": 0.2781457006931305, "pets_valid_prec": 0.34343433380126953, "photography_valid_prec": 0.4736842215061188, "running_valid_prec": 0.3333333432674408, "science_valid_prec": 0.37302976846694946, "spirituality_valid_prec": 0.20426829159259796, "sports_valid_prec": 0.39717742800712585, "tattoos_valid_prec": 0.23454545438289642, "technology_valid_prec": 0.21797752380371094, "travel_valid_prec": 0.32678571343421936, "vegan_valid_prec": 0.08930008113384247, "video_games_valid_prec": 0.08128544688224792, "wedding_valid_prec": 0.1638168841600418, "yoga_valid_prec": 0.20118343830108643, "_runtime": 40266, "_timestamp": 1640862488, "_step": 23, "_wandb": {"runtime": 41171}}