{"epoch": 87, "train_loss": 0.32813551164034643, "train_acc": 0.07543760538101196, "valid_loss": 0.446362305936855, "valid_acc": 0.011460750363767147, "LR": 0.00025, "B-ORG_valid_rec": 0.7579622864723206, "I-ORG_valid_rec": 0.8426666855812073, "B-EMPLOYMENT_valid_rec": 0.9461476802825928, "I-EMPLOYMENT_valid_rec": 0.9737187623977661, "B-EMPLOYMENT_valid_prec": 0.09138759970664978, "I-EMPLOYMENT_valid_prec": 0.011488372460007668, "_runtime": 6595, "_timestamp": 1633645995, "_step": 87}