{"epoch": 35, "train_loss": 0.19668481061830048, "train_acc": 0.9120966196060181, "valid_loss": 0.19528585554805708, "valid_acc": 0.9171556830406189, "LR": 0.0005, "0_valid_rec": 0.9219420552253723, "1_valid_rec": 0.7305502891540527, "0_valid_prec": 0.9936220049858093, "1_valid_prec": 0.1705048680305481, "_runtime": 5910, "_timestamp": 1636570840, "_step": 35}