{"epoch": 10, "train_loss": 0.012000850418261738, "train_acc": 0.0008884954731911421, "valid_loss": 0.019531850933980275, "valid_acc": 0.00012784510909114033, "LR": 0.00015, "B-ORG_valid_rec": 0.0, "I-ORG_valid_rec": 0.0, "B-EMPLOYMENT_valid_rec": 0.9952681660652161, "I-EMPLOYMENT_valid_rec": 0.9888268113136292, "B-EMPLOYMENT_valid_prec": 0.8769978880882263, "I-EMPLOYMENT_valid_prec": 0.1230020821094513, "_runtime": 1102, "_timestamp": 1633532107, "_step": 10, "B-EMPLOYMENT_appended_data": 634847, "I-EMPLOYMENT_appended_data": 1013}