{"epoch": 23, "train_loss": 0.04735213648614697, "train_acc": 0.0030536074191331863, "valid_loss": 0.2561474742777592, "valid_acc": 0.00034337828401476145, "LR": 0.0001, "B-ORG_valid_rec": 0.9186673164367676, "I-ORG_valid_rec": 0.721455454826355, "B-EMPLOYMENT_valid_rec": 0.9787065982818604, "I-EMPLOYMENT_valid_rec": 0.9720670580863953, "B-EMPLOYMENT_valid_prec": 0.32108667492866516, "I-EMPLOYMENT_valid_prec": 0.04501940310001373, "_runtime": 2738, "_timestamp": 1633453773, "_step": 23, "B-EMPLOYMENT_appended_data": 1733, "I-EMPLOYMENT_appended_data": 124, "_wandb": {"runtime": 2819}}