{"epoch": 99, "train_loss": -1.079497403049469, "train_acc": 0.9195062518119812, "valid_loss": -0.8161188039598586, "valid_acc": 0.947413980960846, "LR": 0.0005, "0_valid_rec": 0.9597219228744507, "1_valid_rec": 0.8041121363639832, "0_valid_prec": 0.9857197403907776, "1_valid_prec": 0.5862632989883423, "_runtime": 22586, "_timestamp": 1645776183, "_step": 99, "_wandb": {"runtime": 22586}}