{"epoch": 19, "train_loss": 0.0192676569081019, "train_acc": 0.026728715747594833, "valid_loss": 0.04286573145925571, "valid_acc": 0.00422686617821455, "LR": 3.125e-05, "O_valid_acc": 0.00016962389054242522, "PER_valid_acc": 0.9910671710968018, "LOC_valid_acc": 0.9896502494812012, "ORG_valid_acc": 0.9814396500587463, "_runtime": 65148, "_timestamp": 1632416508, "_step": 19, "_wandb": {"runtime": 65149}}