{"epoch": 241, "train_loss": 0.5337553850147845, "train_acc": 0.6198902726173401, "valid_loss": 1.5185783225636296, "valid_acc": 0.5681222677230835, "LR": 5e-05, "acting_valid_rec": 0.5276243090629578, "arts_valid_rec": 0.4523002505302429, "author_valid_rec": 0.5028571486473083, "automotive_valid_rec": 0.5652173757553101, "beauty_valid_rec": 0.7741163372993469, "business_valid_rec": 0.3372287154197693, "children_valid_rec": 0.26000505685806274, "cinema_valid_rec": 0.6577181220054626, "comedy_valid_rec": 0.40425533056259155, "comicbooks_valid_rec": 0.577464759349823, "diy_and_crafts_valid_rec": 0.4693416655063629, "education_valid_rec": 0.3047058880329132, "entrepreneur_valid_rec": 0.46573519706726074, "fashion_valid_rec": 0.7047259211540222, "fitness_valid_rec": 0.47280967235565186, "food_valid_rec": 0.6420454382896423, "gaming_valid_rec": 0.3888888955116272, "home_and_gardening_valid_rec": 0.5245901346206665, "lifestyle_valid_rec": 0.27915194630622864, "literature_valid_rec": 0.6223092079162598, "marketing_valid_rec": 0.607594907283783, "motivational_valid_rec": 0.41290321946144104, "music_valid_rec": 0.4354838728904724, "performance_arts_valid_rec": 0.44155845046043396, "pets_valid_rec": 0.4196676015853882, "photography_valid_rec": 0.7068965435028076, "running_valid_rec": 0.5900382995605469, "science_valid_rec": 0.6512455344200134, "spirituality_valid_rec": 0.6101083159446716, "sports_valid_rec": 0.47983869910240173, "tattoos_valid_rec": 0.6682027578353882, "technology_valid_rec": 0.5729729533195496, "travel_valid_rec": 0.4868420958518982, "vegan_valid_rec": 0.5609756112098694, "video_games_valid_rec": 0.37383177876472473, "wedding_valid_rec": 0.5611222386360168, "yoga_valid_rec": 0.23564954102039337, "acting_valid_prec": 0.33450087904930115, "arts_valid_prec": 0.48045268654823303, "author_valid_prec": 0.1339421570301056, "automotive_valid_prec": 0.4851312041282654, "beauty_valid_prec": 0.9375696778297424, "business_valid_prec": 0.852320671081543, "children_valid_prec": 0.7972815632820129, "cinema_valid_prec": 0.40833333134651184, "comedy_valid_prec": 0.07307692617177963, "comicbooks_valid_prec": 0.09579439461231232, "diy_and_crafts_valid_prec": 0.6593460440635681, "education_valid_prec": 0.27819550037384033, "entrepreneur_valid_prec": 0.593723475933075, "fashion_valid_prec": 0.8120312094688416, "fitness_valid_prec": 0.3626883029937744, "food_valid_prec": 0.706250011920929, "gaming_valid_prec": 0.12173912674188614, "home_and_gardening_valid_prec": 0.17039403319358826, "lifestyle_valid_prec": 0.0870044082403183, "literature_valid_prec": 0.6223092079162598, "marketing_valid_prec": 0.1325966864824295, "motivational_valid_prec": 0.061835747212171555, "music_valid_prec": 0.11180124431848526, "performance_arts_valid_prec": 0.1820615828037262, "pets_valid_prec": 0.24856439232826233, "photography_valid_prec": 0.36043956875801086, "running_valid_prec": 0.30799999833106995, "science_valid_prec": 0.603960394859314, "spirituality_valid_prec": 0.26489028334617615, "sports_valid_prec": 0.44736841320991516, "tattoos_valid_prec": 0.2167413979768753, "technology_valid_prec": 0.12664277851581573, "travel_valid_prec": 0.33433735370635986, "vegan_valid_prec": 0.14180023968219757, "video_games_valid_prec": 0.0714285746216774, "wedding_valid_prec": 0.26095059514045715, "yoga_valid_prec": 0.16956521570682526, "_runtime": 63655, "_timestamp": 1643030959, "_step": 108}