{"epoch": 25, "train_loss": 0.1109948637515376, "train_acc": 0.011661130003631115, "valid_loss": 0.3806817940093328, "valid_acc": 0.0016286702593788505, "LR": 1e-05, "B-EMPLOYMENT_valid_rec": 0.9589581489562988, "I-EMPLOYMENT_valid_rec": 0.8983050584793091, "B-EMPLOYMENT_valid_prec": 0.06627754867076874, "I-EMPLOYMENT_valid_prec": 0.008673357777297497, "_runtime": 2411, "_timestamp": 1633359822, "_step": 25}