{"epoch": 23, "train_loss": 0.207274224496249, "train_acc": 0.9217172265052795, "valid_loss": 3.1907712329517715, "valid_acc": 0.26363635063171387, "LR": 0.0004096000000000001, "_runtime": 15121, "_timestamp": 1629231343, "_step": 23}