{"epoch": 7, "train_loss": 0.28515273089453336, "train_acc": 0.08019720762968063, "valid_loss": 0.44543247941062614, "valid_acc": 0.01146803516894579, "LR": 0.00025, "B-ORG_valid_rec": 0.7575454115867615, "I-ORG_valid_rec": 0.8389333486557007, "B-EMPLOYMENT_valid_rec": 0.9490368962287903, "I-EMPLOYMENT_valid_rec": 0.9783179759979248, "B-EMPLOYMENT_valid_prec": 0.0916084349155426, "I-EMPLOYMENT_valid_prec": 0.011535302735865116, "_runtime": 653, "_timestamp": 1633650456, "_step": 7, "B-EMPLOYMENT_appended_data": 30336, "I-EMPLOYMENT_appended_data": 2513}