{"epoch": 54, "train_loss": 0.22436092237282557, "train_acc": 0.9588363170623779, "valid_loss": 0.14164044158279676, "valid_acc": 0.964348554611206, "LR": 0.000125, "0_valid_rec": 0.9650461077690125, "1_valid_rec": 0.8409371376037598, "0_valid_prec": 0.9990867972373962, "1_valid_prec": 0.11771474778652191, "_runtime": 80332, "_timestamp": 1642251826, "_step": 48}