{"epoch": 15, "train_loss": 0.32484388236816114, "train_acc": 0.5061480402946472, "valid_loss": 0.4047267550854704, "valid_acc": 0.07874912023544312, "LR": 5e-05, "O_valid_rec": 0.853650689125061, "PERSON_valid_rec": 0.8285015821456909, "GPE_valid_rec": 0.8635255098342896, "ORG_valid_rec": 0.8444293141365051, "EMPLOYMENT_valid_rec": 0.9231154322624207, "_runtime": 1261, "_timestamp": 1633990499, "_step": 15, "EMPLOYMENT_appended_data": 499}