{"epoch": 183, "train_loss": 0.05253611797352348, "train_acc": 0.9832741618156433, "valid_loss": 0.053726049937615254, "valid_acc": 0.9862253069877625, "LR": 1e-05, "0_valid_rec": 0.9864255785942078, "1_valid_rec": 0.9898989796638489, "0_valid_prec": 0.9998905658721924, "1_valid_prec": 0.437988817691803, "_runtime": 46921, "_timestamp": 1636812315, "_step": 183}