{"epoch": 39, "train_loss": 0.1320381732983189, "train_acc": 0.012074433267116547, "valid_loss": 0.47181795225946405, "valid_acc": 0.0016657178057357669, "LR": 2.5e-05, "B-ORG_valid_rec": 0.7839294672012329, "I-ORG_valid_rec": 0.7314931154251099, "B-EMPLOYMENT_valid_rec": 0.9739747643470764, "I-EMPLOYMENT_valid_rec": 0.9608938694000244, "B-EMPLOYMENT_valid_prec": 0.06587018072605133, "I-EMPLOYMENT_valid_prec": 0.009173822589218616, "_runtime": 3893, "_timestamp": 1633524521, "_step": 39, "B-EMPLOYMENT_appended_data": 263, "I-EMPLOYMENT_appended_data": 36, "_wandb": {"runtime": 3893}}