{"epoch": 44, "train_loss": 0.2741954844175797, "train_acc": 0.07733111828565598, "valid_loss": 0.4936995573580439, "valid_acc": 0.011469634249806404, "LR": 0.00025, "B-ORG_valid_rec": 0.752292811870575, "I-ORG_valid_rec": 0.8225777745246887, "B-EMPLOYMENT_valid_rec": 0.9284911751747131, "I-EMPLOYMENT_valid_rec": 0.9632062911987305, "B-EMPLOYMENT_valid_prec": 0.0896127000451088, "I-EMPLOYMENT_valid_prec": 0.011355537921190262, "_runtime": 2673, "_timestamp": 1633637663, "_step": 44}