{"epoch": 99, "train_loss": 0.19657619977062876, "train_acc": 0.9173249006271362, "valid_loss": 0.43786197585555225, "valid_acc": 0.8660839200019836, "LR": 1.5625e-05, "0_valid_rec": 0.8887695074081421, "1_valid_rec": 0.8279678225517273, "0_valid_prec": 0.9063013792037964, "1_valid_prec": 0.7990291118621826, "_runtime": 2082, "_timestamp": 1636815899, "_step": 99, "_wandb": {"runtime": 2084}}