{"epoch": 84, "train_loss": 0.3039719580770858, "train_acc": 0.6705145239830017, "valid_loss": 1.82210990110903, "valid_acc": 0.6354439854621887, "LR": 5e-05, "acting_valid_rec": 0.560773491859436, "arts_valid_rec": 0.518159806728363, "author_valid_rec": 0.5714285969734192, "automotive_valid_rec": 0.6963315010070801, "beauty_valid_rec": 0.8249263763427734, "business_valid_rec": 0.5792988538742065, "children_valid_rec": 0.34435155987739563, "cinema_valid_rec": 0.6476510167121887, "comedy_valid_rec": 0.2978723347187042, "comicbooks_valid_rec": 0.49295774102211, "diy_and_crafts_valid_rec": 0.5999652743339539, "education_valid_rec": 0.41999998688697815, "entrepreneur_valid_rec": 0.5761809945106506, "fashion_valid_rec": 0.741439938545227, "fitness_valid_rec": 0.49697884917259216, "food_valid_rec": 0.6976010203361511, "gaming_valid_rec": 0.420634925365448, "home_and_gardening_valid_rec": 0.5278688669204712, "lifestyle_valid_rec": 0.23851589858531952, "literature_valid_rec": 0.6927592754364014, "marketing_valid_rec": 0.5822784900665283, "motivational_valid_rec": 0.3032258152961731, "music_valid_rec": 0.37365591526031494, "performance_arts_valid_rec": 0.4318181872367859, "pets_valid_rec": 0.549861490726471, "photography_valid_rec": 0.9482758641242981, "running_valid_rec": 0.6130267977714539, "science_valid_rec": 0.7437722682952881, "spirituality_valid_rec": 0.6173285245895386, "sports_valid_rec": 0.6330645084381104, "tattoos_valid_rec": 0.6405529975891113, "technology_valid_rec": 0.44324323534965515, "travel_valid_rec": 0.5584795475006104, "vegan_valid_rec": 0.497560977935791, "video_games_valid_rec": 0.21495327353477478, "wedding_valid_rec": 0.5991984009742737, "yoga_valid_rec": 0.2915407717227936, "acting_valid_prec": 0.3127889037132263, "arts_valid_prec": 0.5619747638702393, "author_valid_prec": 0.15847860276699066, "automotive_valid_prec": 0.4930254817008972, "beauty_valid_prec": 0.9336713552474976, "business_valid_prec": 0.703853964805603, "children_valid_prec": 0.7494487166404724, "cinema_valid_prec": 0.4477958381175995, "comedy_valid_prec": 0.1538461595773697, "comicbooks_valid_prec": 0.3097345232963562, "diy_and_crafts_valid_prec": 0.6697692275047302, "education_valid_prec": 0.26821938157081604, "entrepreneur_valid_prec": 0.5419273972511292, "fashion_valid_prec": 0.838362991809845, "fitness_valid_prec": 0.4117647111415863, "food_valid_prec": 0.6628674268722534, "gaming_valid_prec": 0.1818181872367859, "home_and_gardening_valid_prec": 0.32723575830459595, "lifestyle_valid_prec": 0.10352760553359985, "literature_valid_prec": 0.49649369716644287, "marketing_valid_prec": 0.24338623881340027, "motivational_valid_prec": 0.1051454171538353, "music_valid_prec": 0.1684848517179489, "performance_arts_valid_prec": 0.22166666388511658, "pets_valid_prec": 0.38063278794288635, "photography_valid_prec": 0.6528189778327942, "running_valid_prec": 0.3563474416732788, "science_valid_prec": 0.40269750356674194, "spirituality_valid_prec": 0.3075539469718933, "sports_valid_prec": 0.4994697868824005, "tattoos_valid_prec": 0.416167676448822, "technology_valid_prec": 0.24773414433002472, "travel_valid_prec": 0.3652007579803467, "vegan_valid_prec": 0.19391635060310364, "video_games_valid_prec": 0.2211538404226303, "wedding_valid_prec": 0.3082474172115326, "yoga_valid_prec": 0.2220943570137024, "_runtime": 88404, "_timestamp": 1641683066, "_step": 84}