{"epoch": 104, "train_loss": 0.20110437822466892, "train_acc": 0.681148111820221, "valid_loss": 2.1473238136310244, "valid_acc": 0.6218886375427246, "LR": 5e-05, "acting_valid_rec": 0.5331491827964783, "arts_valid_rec": 0.5133171677589417, "author_valid_rec": 0.5028571486473083, "automotive_valid_rec": 0.673233687877655, "beauty_valid_rec": 0.8035100698471069, "business_valid_rec": 0.6143572330474854, "children_valid_rec": 0.3224417567253113, "cinema_valid_rec": 0.6073825359344482, "comedy_valid_rec": 0.21276596188545227, "comicbooks_valid_rec": 0.5633803009986877, "diy_and_crafts_valid_rec": 0.6116032600402832, "education_valid_rec": 0.4117647111415863, "entrepreneur_valid_rec": 0.5615435838699341, "fashion_valid_rec": 0.7635724544525146, "fitness_valid_rec": 0.469788521528244, "food_valid_rec": 0.6799242496490479, "gaming_valid_rec": 0.3452380895614624, "home_and_gardening_valid_rec": 0.4852459132671356, "lifestyle_valid_rec": 0.23674911260604858, "literature_valid_rec": 0.6594911813735962, "marketing_valid_rec": 0.37974682450294495, "motivational_valid_rec": 0.25806450843811035, "music_valid_rec": 0.3682795763015747, "performance_arts_valid_rec": 0.3928571343421936, "pets_valid_rec": 0.47922438383102417, "photography_valid_rec": 0.681034505367279, "running_valid_rec": 0.5747126340866089, "science_valid_rec": 0.7295373678207397, "spirituality_valid_rec": 0.6209385991096497, "sports_valid_rec": 0.5819892287254333, "tattoos_valid_rec": 0.6129032373428345, "technology_valid_rec": 0.4216216206550598, "travel_valid_rec": 0.5073099136352539, "vegan_valid_rec": 0.4390243887901306, "video_games_valid_rec": 0.23364485800266266, "wedding_valid_rec": 0.5591182112693787, "yoga_valid_rec": 0.287009060382843, "acting_valid_prec": 0.3073248267173767, "arts_valid_prec": 0.5421994924545288, "author_valid_prec": 0.1577060967683792, "automotive_valid_prec": 0.48602256178855896, "beauty_valid_prec": 0.9345514178276062, "business_valid_prec": 0.5403817892074585, "children_valid_prec": 0.7379710078239441, "cinema_valid_prec": 0.35559922456741333, "comedy_valid_prec": 0.1515151560306549, "comicbooks_valid_prec": 0.42553192377090454, "diy_and_crafts_valid_prec": 0.6844868063926697, "education_valid_prec": 0.25792187452316284, "entrepreneur_valid_prec": 0.5265128016471863, "fashion_valid_prec": 0.8237359523773193, "fitness_valid_prec": 0.3595375716686249, "food_valid_prec": 0.6507552862167358, "gaming_valid_prec": 0.16571427881717682, "home_and_gardening_valid_prec": 0.3498817980289459, "lifestyle_valid_prec": 0.10485132783651352, "literature_valid_prec": 0.5090634226799011, "marketing_valid_prec": 0.15306122601032257, "motivational_valid_prec": 0.10752688348293304, "music_valid_prec": 0.15838150680065155, "performance_arts_valid_prec": 0.23135755956172943, "pets_valid_prec": 0.33141762018203735, "photography_valid_prec": 0.25, "running_valid_prec": 0.3125, "science_valid_prec": 0.37962964177131653, "spirituality_valid_prec": 0.3314065635204315, "sports_valid_prec": 0.41755062341690063, "tattoos_valid_prec": 0.44481605291366577, "technology_valid_prec": 0.24683544039726257, "travel_valid_prec": 0.32429906725883484, "vegan_valid_prec": 0.234375, "video_games_valid_prec": 0.19685038924217224, "wedding_valid_prec": 0.2918410003185272, "yoga_valid_prec": 0.198123037815094, "_runtime": 111366, "_timestamp": 1641586670, "_step": 104}