{"epoch": 14, "train_loss": -7.245795242370121, "train_acc": 0.47841137647628784, "valid_loss": -7.250559520188987, "valid_acc": 0.07510451972484589, "LR": 0.001, "O_valid_rec": 0.841856837272644, "GPE_valid_rec": 0.9295596480369568, "ORG_valid_rec": 0.8956477046012878, "EMPLOYMENT_valid_rec": 0.9688740372657776, "AGE_valid_rec": 0.9931089282035828, "PERSON_FAM_valid_rec": 0.9318681359291077, "O_valid_prec": 0.8816708922386169, "GPE_valid_prec": 0.06455883383750916, "ORG_valid_prec": 0.015914611518383026, "EMPLOYMENT_valid_prec": 0.01402913685888052, "AGE_valid_prec": 0.00886374432593584, "PERSON_FAM_valid_prec": 0.014962799847126007, "elr_loss_train": -0.000468393794382416, "elr_loss_valid": -0.0004756016750711943, "_runtime": 1753, "_timestamp": 1634654981, "_step": 14}