{"epoch": 2, "train_loss": 2.0014594414206437, "train_acc": 0.44593024253845215, "valid_loss": 2.9581730701015774, "valid_acc": 0.27915000915527344, "LR": 0.001, "acting_valid_rec": 0.43526169657707214, "arts_valid_rec": 0.017374517396092415, "author_valid_rec": 0.7085714340209961, "automotive_valid_rec": 0.21739129722118378, "beauty_valid_rec": 0.42698490619659424, "business_valid_rec": 0.003338898066431284, "children_valid_rec": 0.06177215278148651, "cinema_valid_rec": 0.4533333480358124, "comedy_valid_rec": 0.8367347121238708, "comicbooks_valid_rec": 0.4000000059604645, "diy_and_crafts_valid_rec": 0.11653351783752441, "education_valid_rec": 0.052941177040338516, "entrepreneur_valid_rec": 0.2706117033958435, "fashion_valid_rec": 0.416558176279068, "fitness_valid_rec": 0.22507552802562714, "food_valid_rec": 0.4347003102302551, "gaming_valid_rec": 0.3650793731212616, "home_and_gardening_valid_rec": 0.19344262778759003, "lifestyle_valid_rec": 0.1342756152153015, "literature_valid_rec": 0.2906976640224457, "marketing_valid_rec": 0.5316455960273743, "motivational_valid_rec": 0.0903225839138031, "music_valid_rec": 0.2016129046678543, "performance_arts_valid_rec": 0.1753246784210205, "pets_valid_rec": 0.20608575642108917, "photography_valid_rec": 0.9740259647369385, "running_valid_rec": 0.48659002780914307, "science_valid_rec": 0.4911032021045685, "spirituality_valid_rec": 0.39350181818008423, "sports_valid_rec": 0.301075279712677, "tattoos_valid_rec": 0.2949308753013611, "technology_valid_rec": 0.3405405282974243, "travel_valid_rec": 0.049707602709531784, "vegan_valid_rec": 0.12682926654815674, "video_games_valid_rec": 0.21495327353477478, "wedding_valid_rec": 0.13426853716373444, "yoga_valid_rec": 0.053491827100515366, "acting_valid_prec": 0.347252756357193, "arts_valid_prec": 0.15126051008701324, "author_valid_prec": 0.03787415847182274, "automotive_valid_prec": 0.11404134333133698, "beauty_valid_prec": 0.9451310634613037, "business_valid_prec": 1.0, "children_valid_prec": 0.5809524059295654, "cinema_valid_prec": 0.37988826632499695, "comedy_valid_prec": 0.07854405790567398, "comicbooks_valid_prec": 0.016824394464492798, "diy_and_crafts_valid_prec": 0.5540875196456909, "education_valid_prec": 0.20737327635288239, "entrepreneur_valid_prec": 0.6339563727378845, "fashion_valid_prec": 0.7380073666572571, "fitness_valid_prec": 0.4005376398563385, "food_valid_prec": 0.771556556224823, "gaming_valid_prec": 0.10599078238010406, "home_and_gardening_valid_prec": 0.04577191546559334, "lifestyle_valid_prec": 0.04794952645897865, "literature_valid_prec": 0.4792332351207733, "marketing_valid_prec": 0.04125736653804779, "motivational_valid_prec": 0.031674209982156754, "music_valid_prec": 0.024477805942296982, "performance_arts_valid_prec": 0.014373170211911201, "pets_valid_prec": 0.3941798806190491, "photography_valid_prec": 0.03485669940710068, "running_valid_prec": 0.21166667342185974, "science_valid_prec": 0.04264524206519127, "spirituality_valid_prec": 0.18046358227729797, "sports_valid_prec": 0.204940527677536, "tattoos_valid_prec": 0.10509031265974045, "technology_valid_prec": 0.03349282220005989, "travel_valid_prec": 0.07798165082931519, "vegan_valid_prec": 0.10116731375455856, "video_games_valid_prec": 0.021375464275479317, "wedding_valid_prec": 0.23183390498161316, "yoga_valid_prec": 0.1318681389093399, "_runtime": 3881, "_timestamp": 1640359476, "_step": 2}