{"epoch": 59, "train_loss": -3.379444096237421, "train_acc": 0.911303699016571, "valid_loss": -3.1629330393625423, "valid_acc": 0.875244140625, "LR": 0.0005, "0_valid_rec": 0.8755250573158264, "1_valid_rec": 0.9200000166893005, "0_valid_prec": 0.9989851117134094, "1_valid_prec": 0.07593543827533722, "_runtime": 8129, "_timestamp": 1636600628, "_step": 59, "_wandb": {"runtime": 8130}}