{"epoch": 21, "train_loss": 0.16393301769708976, "train_acc": 0.012005288153886795, "valid_loss": 0.5615562098114338, "valid_acc": 0.0016308025224134326, "LR": 0.00015, "B-ORG_valid_rec": 0.7604115605354309, "I-ORG_valid_rec": 0.5734002590179443, "B-EMPLOYMENT_valid_rec": 0.9842271208763123, "I-EMPLOYMENT_valid_rec": 0.9832402467727661, "B-EMPLOYMENT_valid_prec": 0.06798867136240005, "I-EMPLOYMENT_valid_prec": 0.009588145650923252, "_runtime": 2235, "_timestamp": 1633555988, "_step": 21, "B-EMPLOYMENT_appended_data": 1428, "I-EMPLOYMENT_appended_data": 248}