{"epoch": 26, "train_loss": 0.2096151108005119, "train_acc": 0.9598115682601929, "valid_loss": 0.12520406509296142, "valid_acc": 0.969256579875946, "LR": 0.00025, "0_valid_rec": 0.9699146151542664, "1_valid_rec": 0.8084971308708191, "0_valid_prec": 0.9992416501045227, "1_valid_prec": 0.09362608194351196, "_runtime": 40237, "_timestamp": 1642075793, "_step": 26}