{"epoch": 26, "train_loss": 1.0005574490883689, "train_acc": 0.6148018836975098, "valid_loss": 3.9196680164628024, "valid_acc": 0.32541877031326294, "LR": 0.00025, "acting_valid_rec": 0.41046831011772156, "arts_valid_rec": 0.30564945936203003, "author_valid_rec": 0.5523809790611267, "automotive_valid_rec": 0.45652174949645996, "beauty_valid_rec": 0.414616197347641, "business_valid_rec": 0.31886476278305054, "children_valid_rec": 0.05318475514650345, "cinema_valid_rec": 0.3633333444595337, "comedy_valid_rec": 0.7516778707504272, "comicbooks_valid_rec": 0.4000000059604645, "diy_and_crafts_valid_rec": 0.26415422558784485, "education_valid_rec": 0.18160377442836761, "entrepreneur_valid_rec": 0.3364361822605133, "fashion_valid_rec": 0.43868783116340637, "fitness_valid_rec": 0.18882174789905548, "food_valid_rec": 0.43596214056015015, "gaming_valid_rec": 0.3055555522441864, "home_and_gardening_valid_rec": 0.25245901942253113, "lifestyle_valid_rec": 0.22084805369377136, "literature_valid_rec": 0.5503876209259033, "marketing_valid_rec": 0.27848100662231445, "motivational_valid_rec": 0.1483870893716812, "music_valid_rec": 0.3369863033294678, "performance_arts_valid_rec": 0.23513513803482056, "pets_valid_rec": 0.2285318523645401, "photography_valid_rec": 0.9740259647369385, "running_valid_rec": 0.40229883790016174, "science_valid_rec": 0.028248587623238564, "spirituality_valid_rec": 0.4584837555885315, "sports_valid_rec": 0.3337819576263428, "tattoos_valid_rec": 0.5023041367530823, "technology_valid_rec": 0.3351351320743561, "travel_valid_rec": 0.28070175647735596, "vegan_valid_rec": 0.29411765933036804, "video_games_valid_rec": 0.29906541109085083, "wedding_valid_rec": 0.2905811667442322, "yoga_valid_rec": 0.14115898311138153, "acting_valid_prec": 0.24386252462863922, "arts_valid_prec": 0.487297922372818, "author_valid_prec": 0.03708440065383911, "automotive_valid_prec": 0.13349224627017975, "beauty_valid_prec": 0.9639086723327637, "business_valid_prec": 0.2323600947856903, "children_valid_prec": 0.6698564887046814, "cinema_valid_prec": 0.5117371082305908, "comedy_valid_prec": 0.10916179418563843, "comicbooks_valid_prec": 0.007619047537446022, "diy_and_crafts_valid_prec": 0.5809778571128845, "education_valid_prec": 0.12449474632740021, "entrepreneur_valid_prec": 0.6478873491287231, "fashion_valid_prec": 0.8422894477844238, "fitness_valid_prec": 0.45126354694366455, "food_valid_prec": 0.7351064085960388, "gaming_valid_prec": 0.07777778059244156, "home_and_gardening_valid_prec": 0.1458333283662796, "lifestyle_valid_prec": 0.041694462299346924, "literature_valid_prec": 0.22847948968410492, "marketing_valid_prec": 0.08088235557079315, "motivational_valid_prec": 0.06182795763015747, "music_valid_prec": 0.053177691996097565, "performance_arts_valid_prec": 0.10780669003725052, "pets_valid_prec": 0.33199194073677063, "photography_valid_prec": 0.031901318579912186, "running_valid_prec": 0.11666666716337204, "science_valid_prec": 0.8333333134651184, "spirituality_valid_prec": 0.08788927644491196, "sports_valid_prec": 0.42685025930404663, "tattoos_valid_prec": 0.2576832175254822, "technology_valid_prec": 0.0476190485060215, "travel_valid_prec": 0.35229358077049255, "vegan_valid_prec": 0.0941915214061737, "video_games_valid_prec": 0.05536332353949547, "wedding_valid_prec": 0.2013888955116272, "yoga_valid_prec": 0.17272727191448212, "_runtime": 28794, "_timestamp": 1639695766, "_step": 26}