{"epoch": 159, "train_loss": 0.6211208631358449, "train_acc": 0.46400636434555054, "valid_loss": 0.7063578147598295, "valid_acc": 0.07299630343914032, "LR": 3.125e-05, "O_valid_rec": 0.817711591720581, "PERSON_valid_rec": 0.8343429565429688, "GPE_valid_rec": 0.9122331738471985, "ORG_valid_rec": 0.8644838333129883, "EMPLOYMENT_valid_rec": 0.9603091478347778, "AGE_valid_rec": 0.9967135190963745, "PERSON_FAM_valid_rec": 0.832984209060669, "O_valid_prec": 0.8475993871688843, "PERSON_valid_prec": 0.04200827330350876, "GPE_valid_prec": 0.06499694287776947, "ORG_valid_prec": 0.015776703134179115, "EMPLOYMENT_valid_prec": 0.014306713826954365, "AGE_valid_prec": 0.009123888798058033, "PERSON_FAM_valid_prec": 0.006188061088323593, "_runtime": 18477, "_timestamp": 1634280984, "_step": 159, "_wandb": {"runtime": 18479}}