{"epoch": 8, "train_loss": 0.20891966729042452, "train_acc": 0.9371215105056763, "valid_loss": 0.153454262640978, "valid_acc": 0.9639682173728943, "LR": 0.00025, "0_valid_rec": 0.9664933085441589, "1_valid_rec": 0.9263665080070496, "0_valid_prec": 0.9951143264770508, "1_valid_prec": 0.6405020356178284, "_runtime": 4357, "_timestamp": 1636824887, "_step": 8}