{"epoch": 23, "train_loss": 0.3184190267449492, "train_acc": 0.011752184480428696, "valid_loss": 0.45382425618484035, "valid_acc": 0.0016360442386940122, "LR": 0.0002, "B-GPE_valid_rec": 0.8998058438301086, "I-GPE_valid_rec": 0.6534771919250488, "B-EMPLOYMENT_valid_rec": 0.9558359384536743, "I-EMPLOYMENT_valid_rec": 0.916201114654541, "B-EMPLOYMENT_valid_prec": 0.06581591069698334, "I-EMPLOYMENT_valid_prec": 0.008905783295631409, "_runtime": 2740, "_timestamp": 1633444873, "_step": 23, "B-EMPLOYMENT_appended_data": 1016, "I-EMPLOYMENT_appended_data": 73, "_wandb": {"runtime": 2851}}