{"epoch": 0, "train_loss": 1.0147859327720874, "train_acc": 0.007661405950784683, "valid_loss": 0.7534427868834056, "valid_acc": 0.0013560110237449408, "LR": 0.001, "B-EMPLOYMENT_valid_rec": 0.675611674785614, "I-EMPLOYMENT_valid_rec": 0.6214689016342163, "B-EMPLOYMENT_valid_prec": 0.05608334019780159, "I-EMPLOYMENT_valid_prec": 0.007206971291452646, "_runtime": 96, "_timestamp": 1633357028, "_step": 0}