{"epoch": 9, "train_loss": 0.28328221032530554, "train_acc": 0.07803864032030106, "valid_loss": 0.4921478092280017, "valid_acc": 0.011674595065414906, "LR": 0.001, "B-ORG_valid_rec": 0.7759712934494019, "I-ORG_valid_rec": 0.8193777799606323, "B-EMPLOYMENT_valid_rec": 0.8906099796295166, "I-EMPLOYMENT_valid_rec": 0.914586067199707, "B-EMPLOYMENT_valid_prec": 0.08444755524396896, "I-EMPLOYMENT_valid_prec": 0.010593042708933353, "_runtime": 647, "_timestamp": 1633693311, "_step": 9}