{"epoch": 29, "train_loss": 0.15026164843346967, "train_acc": 0.011881368234753609, "valid_loss": 0.5690065772425834, "valid_acc": 0.001627870718948543, "LR": 0.000125, "B-ORG_valid_rec": 0.761881411075592, "I-ORG_valid_rec": 0.5796737670898438, "B-EMPLOYMENT_valid_rec": 0.9850157499313354, "I-EMPLOYMENT_valid_rec": 0.9832402467727661, "B-EMPLOYMENT_valid_prec": 0.06816568970680237, "I-EMPLOYMENT_valid_prec": 0.009605414234101772, "_runtime": 3033, "_timestamp": 1633559110, "_step": 29, "B-EMPLOYMENT_appended_data": 599, "I-EMPLOYMENT_appended_data": 105, "_wandb": {"runtime": 3035}}