{"epoch": 28, "train_loss": 0.1661207253213251, "train_acc": 0.08214791864156723, "valid_loss": 0.5159729424609194, "valid_acc": 0.011877157725393772, "LR": 0.000125, "B-ORG_valid_rec": 0.7937301993370056, "I-ORG_valid_rec": 0.7888000011444092, "B-EMPLOYMENT_valid_rec": 0.9271268248558044, "I-EMPLOYMENT_valid_rec": 0.9428383708000183, "B-EMPLOYMENT_valid_prec": 0.08641079813241959, "I-EMPLOYMENT_valid_prec": 0.010734028182923794, "_runtime": 1795, "_timestamp": 1633695769, "_step": 28}