{"epoch": 31, "train_loss": 0.4276019986967534, "train_acc": 0.7063851356506348, "valid_loss": 3.480390767021308, "valid_acc": 0.5291077494621277, "LR": 0.00025, "acting_valid_rec": 0.38842976093292236, "arts_valid_rec": 0.46537530422210693, "author_valid_rec": 0.23428571224212646, "automotive_valid_rec": 0.6603260636329651, "beauty_valid_rec": 0.6952199935913086, "business_valid_rec": 0.2671118676662445, "children_valid_rec": 0.225879967212677, "cinema_valid_rec": 0.5503355860710144, "comedy_valid_rec": 0.1339285671710968, "comicbooks_valid_rec": 0.47887325286865234, "diy_and_crafts_valid_rec": 0.4842800199985504, "education_valid_rec": 0.3294117748737335, "entrepreneur_valid_rec": 0.5438829660415649, "fashion_valid_rec": 0.6655383706092834, "fitness_valid_rec": 0.43202418088912964, "food_valid_rec": 0.6410094499588013, "gaming_valid_rec": 0.289682537317276, "home_and_gardening_valid_rec": 0.32131147384643555, "lifestyle_valid_rec": 0.2968197762966156, "literature_valid_rec": 0.6881091594696045, "marketing_valid_rec": 0.3291139304637909, "motivational_valid_rec": 0.16129031777381897, "music_valid_rec": 0.3870967626571655, "performance_arts_valid_rec": 0.3279220759868622, "pets_valid_rec": 0.3573407232761383, "photography_valid_rec": 0.7878788113594055, "running_valid_rec": 0.5593869686126709, "science_valid_rec": 0.6334519386291504, "spirituality_valid_rec": 0.512635350227356, "sports_valid_rec": 0.5201612710952759, "tattoos_valid_rec": 0.539170503616333, "technology_valid_rec": 0.4162162244319916, "travel_valid_rec": 0.4020467698574066, "vegan_valid_rec": 0.3073170781135559, "video_games_valid_rec": 0.21495327353477478, "wedding_valid_rec": 0.4308617115020752, "yoga_valid_rec": 0.3075779974460602, "acting_valid_prec": 0.28200000524520874, "arts_valid_prec": 0.3666539490222931, "author_valid_prec": 0.11953353136777878, "automotive_valid_prec": 0.3609357476234436, "beauty_valid_prec": 0.9257292151451111, "business_valid_prec": 0.6504064798355103, "children_valid_prec": 0.693354070186615, "cinema_valid_prec": 0.36203089356422424, "comedy_valid_prec": 0.027149321511387825, "comicbooks_valid_prec": 0.44736841320991516, "diy_and_crafts_valid_prec": 0.6595694422721863, "education_valid_prec": 0.2066420614719391, "entrepreneur_valid_prec": 0.48632580041885376, "fashion_valid_prec": 0.7663019299507141, "fitness_valid_prec": 0.26530611515045166, "food_valid_prec": 0.6047618985176086, "gaming_valid_prec": 0.15051546692848206, "home_and_gardening_valid_prec": 0.30817610025405884, "lifestyle_valid_prec": 0.08749999850988388, "literature_valid_prec": 0.43048781156539917, "marketing_valid_prec": 0.21848739683628082, "motivational_valid_prec": 0.07331378012895584, "music_valid_prec": 0.09177820384502411, "performance_arts_valid_prec": 0.17939609289169312, "pets_valid_prec": 0.22631579637527466, "photography_valid_prec": 0.24627874791622162, "running_valid_prec": 0.2908366620540619, "science_valid_prec": 0.47978436946868896, "spirituality_valid_prec": 0.27413126826286316, "sports_valid_prec": 0.4271523058414459, "tattoos_valid_prec": 0.3471810221672058, "technology_valid_prec": 0.231231227517128, "travel_valid_prec": 0.24531668424606323, "vegan_valid_prec": 0.16844919323921204, "video_games_valid_prec": 0.11274509876966476, "wedding_valid_prec": 0.250582754611969, "yoga_valid_prec": 0.10063198953866959, "_runtime": 34760, "_timestamp": 1640950936, "_step": 31, "_wandb": {"runtime": 35347}}