{"epoch": 0, "train_loss": 3.4258155603358826, "train_acc": 0.05621632933616638, "valid_loss": 3.5641497811722793, "valid_acc": 0.11610262095928192, "LR": 0.001, "acting_valid_rec": 0.0, "arts_valid_rec": 0.003389830468222499, "author_valid_rec": 0.11999999731779099, "automotive_valid_rec": 0.0020380434580147266, "beauty_valid_rec": 0.1243249848484993, "business_valid_rec": 0.33555927872657776, "children_valid_rec": 0.007725430652499199, "cinema_valid_rec": 0.0, "comedy_valid_rec": 0.4680851101875305, "comicbooks_valid_rec": 0.0, "diy_and_crafts_valid_rec": 0.066006600856781, "education_valid_rec": 0.001176470541395247, "entrepreneur_valid_rec": 0.006653360091149807, "fashion_valid_rec": 0.43535998463630676, "fitness_valid_rec": 0.0, "food_valid_rec": 0.0012626262614503503, "gaming_valid_rec": 0.0, "home_and_gardening_valid_rec": 0.0, "lifestyle_valid_rec": 0.051236748695373535, "literature_valid_rec": 0.003913894295692444, "marketing_valid_rec": 0.07594936341047287, "motivational_valid_rec": 0.0, "music_valid_rec": 0.0, "performance_arts_valid_rec": 0.0, "pets_valid_rec": 0.0, "photography_valid_rec": 0.5862069129943848, "running_valid_rec": 0.0, "science_valid_rec": 0.3701067566871643, "spirituality_valid_rec": 0.0, "sports_valid_rec": 0.016129031777381897, "tattoos_valid_rec": 0.004608294926583767, "technology_valid_rec": 0.0, "travel_valid_rec": 0.0, "vegan_valid_rec": 0.0, "video_games_valid_rec": 0.1214953288435936, "wedding_valid_rec": 0.0, "yoga_valid_rec": 0.0, "acting_valid_prec": NaN, "arts_valid_prec": 0.06481481343507767, "author_valid_prec": 0.020038167014718056, "automotive_valid_prec": 0.1304347813129425, "beauty_valid_prec": 0.45142602920532227, "business_valid_prec": 0.05733029171824455, "children_valid_prec": 0.22676579654216766, "cinema_valid_prec": NaN, "comedy_valid_prec": 0.001309212064370513, "comicbooks_valid_prec": NaN, "diy_and_crafts_valid_prec": 0.20787745714187622, "education_valid_prec": 0.125, "entrepreneur_valid_prec": 0.10638298094272614, "fashion_valid_prec": 0.309085875749588, "fitness_valid_prec": 0.0, "food_valid_prec": 0.4000000059604645, "gaming_valid_prec": NaN, "home_and_gardening_valid_prec": 0.0, "lifestyle_valid_prec": 0.028999999165534973, "literature_valid_prec": 1.0, "marketing_valid_prec": 0.004092769231647253, "motivational_valid_prec": 0.0, "music_valid_prec": 0.0, "performance_arts_valid_prec": 0.0, "pets_valid_prec": 0.0, "photography_valid_prec": 0.01702553778886795, "running_valid_prec": NaN, "science_valid_prec": 0.15271659195423126, "spirituality_valid_prec": NaN, "sports_valid_prec": 0.0235294122248888, "tattoos_valid_prec": 0.015625, "technology_valid_prec": NaN, "travel_valid_prec": 0.0, "vegan_valid_prec": 0.0, "video_games_valid_prec": 0.00329781835898757, "wedding_valid_prec": 0.0, "yoga_valid_prec": NaN, "_runtime": 556, "_timestamp": 1642878284, "_step": 0, "_wandb": {"runtime": 836}}