{"epoch": 85, "train_loss": 0.0979393389823208, "train_acc": 0.9685314893722534, "valid_loss": 0.46304804231744706, "valid_acc": 0.7195298075675964, "LR": 6.25e-05, "0_valid_rec": 0.6929203867912292, "1_valid_rec": 0.9955509901046753, "0_valid_prec": 0.9993802905082703, "1_valid_prec": 0.23844262957572937, "_runtime": 19542, "_timestamp": 1636893078, "_step": 85, "_wandb": {"runtime": 19737}}