{"epoch": 34, "train_loss": 0.312603350687813, "train_acc": 0.8687328696250916, "valid_loss": 0.488452154465697, "valid_acc": 0.8076923489570618, "LR": 0.001, "0_valid_rec": 0.7721654772758484, "1_valid_rec": 0.878269612789154, "0_valid_prec": 0.9223363399505615, "1_valid_prec": 0.6730917692184448, "_runtime": 727, "_timestamp": 1636813768, "_step": 34}