{"epoch": 26, "train_loss": 1.6439775958657266, "train_acc": 0.49482423067092896, "valid_loss": 3.313376303701309, "valid_acc": 0.211979940533638, "LR": 0.0005, "acting_valid_rec": 0.6391184329986572, "arts_valid_rec": 0.033800095319747925, "author_valid_rec": 0.4285714328289032, "automotive_valid_rec": 0.31453803181648254, "beauty_valid_rec": 0.030925936996936798, "business_valid_rec": 0.0446428582072258, "children_valid_rec": 0.023299986496567726, "cinema_valid_rec": 0.28999999165534973, "comedy_valid_rec": 0.25, "comicbooks_valid_rec": 0.1702127605676651, "diy_and_crafts_valid_rec": 0.7500868439674377, "education_valid_rec": 0.33608490228652954, "entrepreneur_valid_rec": 0.10571808367967606, "fashion_valid_rec": 0.1796407252550125, "fitness_valid_rec": 0.3413897156715393, "food_valid_rec": 0.4132492244243622, "gaming_valid_rec": 0.130952388048172, "home_and_gardening_valid_rec": 0.5573770403862, "lifestyle_valid_rec": 0.5512367486953735, "literature_valid_rec": 0.36240309476852417, "marketing_valid_rec": 0.0, "motivational_valid_rec": 0.14193548262119293, "music_valid_rec": 0.40547946095466614, "performance_arts_valid_rec": 0.3405405282974243, "pets_valid_rec": 0.6745152473449707, "photography_valid_rec": 0.5194805264472961, "running_valid_rec": 0.5210728049278259, "science_valid_rec": 0.01515151560306549, "spirituality_valid_rec": 0.04332130029797554, "sports_valid_rec": 0.2032301425933838, "tattoos_valid_rec": 0.8341013789176941, "technology_valid_rec": 0.3567567467689514, "travel_valid_rec": 0.24561403691768646, "vegan_valid_rec": 0.06372549384832382, "video_games_valid_rec": 0.5596330165863037, "wedding_valid_rec": 0.6913827657699585, "yoga_valid_rec": 0.164000004529953, "acting_valid_prec": 0.31478968262672424, "arts_valid_prec": 0.2880658507347107, "author_valid_prec": 0.04477611929178238, "automotive_valid_prec": 0.5371229648590088, "beauty_valid_prec": 0.9438202381134033, "business_valid_prec": 0.0002837362408172339, "children_valid_prec": 0.6865671873092651, "cinema_valid_prec": 0.3866666555404663, "comedy_valid_prec": 0.003296373877674341, "comicbooks_valid_prec": 0.0018157059093937278, "diy_and_crafts_valid_prec": 0.9193273782730103, "education_valid_prec": 0.45673078298568726, "entrepreneur_valid_prec": 0.6115384697914124, "fashion_valid_prec": 0.9497591257095337, "fitness_valid_prec": 0.7151898741722107, "food_valid_prec": 0.8007335066795349, "gaming_valid_prec": 0.12359550595283508, "home_and_gardening_valid_prec": 0.5723905563354492, "lifestyle_valid_prec": 0.11474806815385818, "literature_valid_prec": 0.12441783398389816, "marketing_valid_prec": 0.0, "motivational_valid_prec": 0.1325301229953766, "music_valid_prec": 0.8809523582458496, "performance_arts_valid_prec": 0.27272728085517883, "pets_valid_prec": 0.9293892979621887, "photography_valid_prec": 0.02010386995971203, "running_valid_prec": 0.15887850522994995, "science_valid_prec": 0.02857142873108387, "spirituality_valid_prec": 0.01220752764493227, "sports_valid_prec": 0.33259913325309753, "tattoos_valid_prec": 0.7510373592376709, "technology_valid_prec": 0.19584569334983826, "travel_valid_prec": 0.5384615659713745, "vegan_valid_prec": 0.11016949266195297, "video_games_valid_prec": 0.6224489808082581, "wedding_valid_prec": 0.4845505654811859, "yoga_valid_prec": 0.5857142806053162, "_runtime": 12560, "_timestamp": 1639143522, "_step": 26}