{"epoch": 27, "train_loss": 0.3046046847994233, "train_acc": 0.5079895257949829, "valid_loss": 0.4056920416360339, "valid_acc": 0.07876653969287872, "LR": 1.25e-05, "O_valid_rec": 0.8538715243339539, "PERSON_valid_rec": 0.8287039399147034, "GPE_valid_rec": 0.8635835647583008, "ORG_valid_rec": 0.8421022891998291, "EMPLOYMENT_valid_rec": 0.9250465035438538, "_runtime": 2172, "_timestamp": 1633994306, "_step": 27, "EMPLOYMENT_appended_data": 788}