{"epoch": 1, "train_loss": 0.14483135269568378, "train_acc": 0.0007620147080160677, "valid_loss": 0.05821149970785738, "valid_acc": 0.00012686783156823367, "LR": 0.00015, "B-ORG_valid_rec": 0.0, "I-ORG_valid_rec": 0.0, "B-EMPLOYMENT_valid_rec": 0.9905362725257874, "I-EMPLOYMENT_valid_rec": 0.9608938694000244, "B-EMPLOYMENT_valid_prec": 0.8795518279075623, "I-EMPLOYMENT_valid_prec": 0.12044817954301834, "_runtime": 227, "_timestamp": 1633532396, "_step": 1}