{"epoch": 117, "train_loss": 0.950159101818279, "train_acc": 0.7058396339416504, "valid_loss": 2.1785737418288207, "valid_acc": 0.5088700652122498, "LR": 0.000343, "acting_valid_rec": 0.7327823638916016, "arts_valid_rec": 0.3090294599533081, "author_valid_rec": 0.800000011920929, "automotive_valid_rec": 0.7445651888847351, "beauty_valid_rec": 0.5663005709648132, "business_valid_rec": 0.5986841917037964, "children_valid_rec": 0.09180701524019241, "cinema_valid_rec": 0.5566666722297668, "comedy_valid_rec": 0.4966442883014679, "comicbooks_valid_rec": 0.7749999761581421, "diy_and_crafts_valid_rec": 0.845432460308075, "education_valid_rec": 0.4705188572406769, "entrepreneur_valid_rec": 0.3989361822605133, "fashion_valid_rec": 0.455089807510376, "fitness_valid_rec": 0.5407854914665222, "food_valid_rec": 0.6359621286392212, "gaming_valid_rec": 0.6865079402923584, "home_and_gardening_valid_rec": 0.7245901823043823, "lifestyle_valid_rec": 0.7667844295501709, "literature_valid_rec": 0.6686046719551086, "marketing_valid_rec": 0.40506330132484436, "motivational_valid_rec": 0.5612903237342834, "music_valid_rec": 0.49589040875434875, "performance_arts_valid_rec": 0.39459457993507385, "pets_valid_rec": 0.7963988780975342, "photography_valid_rec": 0.9826839566230774, "running_valid_rec": 0.7854406237602234, "science_valid_rec": 0.6000000238418579, "spirituality_valid_rec": 0.3140794336795807, "sports_valid_rec": 0.43741586804389954, "tattoos_valid_rec": 0.9585253596305847, "technology_valid_rec": 0.318918913602829, "travel_valid_rec": 0.6228070259094238, "vegan_valid_rec": 0.6323529481887817, "video_games_valid_rec": 0.8037382960319519, "wedding_valid_rec": 0.7194388508796692, "yoga_valid_rec": 0.2882615029811859, "acting_valid_prec": 0.7093333601951599, "arts_valid_prec": 0.5405405163764954, "author_valid_prec": 0.09140370041131973, "automotive_valid_prec": 0.5150375962257385, "beauty_valid_prec": 0.9914061427116394, "business_valid_prec": 0.04853333160281181, "children_valid_prec": 0.7544224858283997, "cinema_valid_prec": 0.4575342535972595, "comedy_valid_prec": 0.3737373650074005, "comicbooks_valid_prec": 0.04858934134244919, "diy_and_crafts_valid_prec": 0.9370548725128174, "education_valid_prec": 0.8692810535430908, "entrepreneur_valid_prec": 0.9104704260826111, "fashion_valid_prec": 0.9463995695114136, "fitness_valid_prec": 0.7765726447105408, "food_valid_prec": 0.8928254842758179, "gaming_valid_prec": 0.5766666531562805, "home_and_gardening_valid_prec": 0.5909090638160706, "lifestyle_valid_prec": 0.45780590176582336, "literature_valid_prec": 0.3144940733909607, "marketing_valid_prec": 0.10847457498311996, "motivational_valid_prec": 0.5147929191589355, "music_valid_prec": 0.5838709473609924, "performance_arts_valid_prec": 0.2664233446121216, "pets_valid_prec": 0.855654776096344, "photography_valid_prec": 0.03241005167365074, "running_valid_prec": 0.35776615142822266, "science_valid_prec": 0.005377721041440964, "spirituality_valid_prec": 0.026597371324896812, "sports_valid_prec": 0.3814553916454315, "tattoos_valid_prec": 0.9004328846931458, "technology_valid_prec": 0.038918204605579376, "travel_valid_prec": 0.586776852607727, "vegan_valid_prec": 0.6292682886123657, "video_games_valid_prec": 0.33992093801498413, "wedding_valid_prec": 0.9447368383407593, "yoga_valid_prec": 0.1682567149400711, "_runtime": 54909, "_timestamp": 1639574594, "_step": 117}