{"epoch": 159, "train_loss": 0.1204079883025279, "train_acc": 0.46462881565093994, "valid_loss": 0.24701056026255078, "valid_acc": 0.0725364238023758, "LR": 0.0005, "O_valid_rec": 0.807081937789917, "PERSON_valid_rec": 0.8596447706222534, "GPE_valid_rec": 0.9443522095680237, "ORG_valid_rec": 0.899215579032898, "EMPLOYMENT_valid_rec": 0.9853770732879639, "AGE_valid_rec": 0.997846782207489, "PERSON_FAM_valid_rec": 0.8515570163726807, "O_valid_prec": 0.8418852090835571, "PERSON_valid_prec": 0.04355660453438759, "GPE_valid_prec": 0.06771203130483627, "ORG_valid_prec": 0.016514595597982407, "EMPLOYMENT_valid_prec": 0.014773249626159668, "AGE_valid_prec": 0.009192174300551414, "PERSON_FAM_valid_prec": 0.006366142071783543, "_runtime": 18426, "_timestamp": 1634201812, "_step": 159, "_wandb": {"runtime": 18427}}