{"epoch": 0, "train_loss": 1.6681483144804592, "train_acc": 0.005590336862951517, "valid_loss": 1.3331618948014023, "valid_acc": 0.0010929468553513288, "LR": 0.00015, "B-ORG_valid_rec": 0.5634492635726929, "I-ORG_valid_rec": 0.4127979874610901, "B-EMPLOYMENT_valid_rec": 0.7878549098968506, "I-EMPLOYMENT_valid_rec": 0.7932960987091064, "B-EMPLOYMENT_valid_prec": 0.0812063068151474, "I-EMPLOYMENT_valid_prec": 0.011542838998138905, "_runtime": 130, "_timestamp": 1633470450, "_step": 0, "_wandb": {"runtime": 131}}