{"epoch": 168, "train_loss": 1.2832187671036948, "train_acc": 0.5666201710700989, "valid_loss": 3.1083778093443053, "valid_acc": 0.27711740136146545, "LR": 1e-05, "acting_valid_rec": 0.5977961421012878, "arts_valid_rec": 0.09415741264820099, "author_valid_rec": 0.4476190507411957, "automotive_valid_rec": 0.632472813129425, "beauty_valid_rec": 0.0616677924990654, "business_valid_rec": 0.01785714365541935, "children_valid_rec": 0.0388755239546299, "cinema_valid_rec": 0.3233333230018616, "comedy_valid_rec": 0.2954545319080353, "comicbooks_valid_rec": 0.44680851697921753, "diy_and_crafts_valid_rec": 0.7349774241447449, "education_valid_rec": 0.44929245114326477, "entrepreneur_valid_rec": 0.21276596188545227, "fashion_valid_rec": 0.4209841191768646, "fitness_valid_rec": 0.4667673707008362, "food_valid_rec": 0.2485804408788681, "gaming_valid_rec": 0.3492063581943512, "home_and_gardening_valid_rec": 0.49836066365242004, "lifestyle_valid_rec": 0.6643109321594238, "literature_valid_rec": 0.341085284948349, "marketing_valid_rec": 0.1071428582072258, "motivational_valid_rec": 0.44516128301620483, "music_valid_rec": 0.5424657464027405, "performance_arts_valid_rec": 0.32972973585128784, "pets_valid_rec": 0.6551246643066406, "photography_valid_rec": 0.5108225345611572, "running_valid_rec": 0.6590038537979126, "science_valid_rec": 0.01515151560306549, "spirituality_valid_rec": 0.05054151639342308, "sports_valid_rec": 0.3512786030769348, "tattoos_valid_rec": 0.3502304255962372, "technology_valid_rec": 0.5027027130126953, "travel_valid_rec": 0.13596491515636444, "vegan_valid_rec": 0.563725471496582, "video_games_valid_rec": 0.78899085521698, "wedding_valid_rec": 0.703406810760498, "yoga_valid_rec": 0.6759999990463257, "acting_valid_prec": 0.2866578698158264, "arts_valid_prec": 0.6842105388641357, "author_valid_prec": 0.03077930584549904, "automotive_valid_prec": 0.737133800983429, "beauty_valid_prec": 0.9776264429092407, "business_valid_prec": 0.00014946566079743207, "children_valid_prec": 0.8527777791023254, "cinema_valid_prec": 0.5243242979049683, "comedy_valid_prec": 0.003509719157591462, "comicbooks_valid_prec": 0.003945143893361092, "diy_and_crafts_valid_prec": 0.9178052544593811, "education_valid_prec": 0.6707746386528015, "entrepreneur_valid_prec": 0.7920792102813721, "fashion_valid_prec": 0.9758599996566772, "fitness_valid_prec": 0.7744361162185669, "food_valid_prec": 0.7337057590484619, "gaming_valid_prec": 0.41706159710884094, "home_and_gardening_valid_prec": 0.7794871926307678, "lifestyle_valid_prec": 0.4239007830619812, "literature_valid_prec": 0.23592492938041687, "marketing_valid_prec": 0.04428044334053993, "motivational_valid_prec": 0.33173078298568726, "music_valid_prec": 0.8497853875160217, "performance_arts_valid_prec": 0.3800623118877411, "pets_valid_prec": 0.843137264251709, "photography_valid_prec": 0.026014110073447227, "running_valid_prec": 0.43654823303222656, "science_valid_prec": 0.008403361774981022, "spirituality_valid_prec": 0.012692656368017197, "sports_valid_prec": 0.05553191527724266, "tattoos_valid_prec": 0.30158731341362, "technology_valid_prec": 0.29523810744285583, "travel_valid_prec": 0.4650000035762787, "vegan_valid_prec": 0.6216216087341309, "video_games_valid_prec": 0.5477706789970398, "wedding_valid_prec": 0.8908629417419434, "yoga_valid_prec": 0.8366336822509766, "_runtime": 65919, "_timestamp": 1639221595, "_step": 141}