{"epoch": 4, "train_loss": 0.6915483355938972, "train_acc": 0.06316100060939789, "valid_loss": 0.6654920181072436, "valid_acc": 0.0099635673686862, "LR": 0.001, "B-ORG_valid_rec": 0.7161914110183716, "I-ORG_valid_rec": 0.7941333055496216, "B-EMPLOYMENT_valid_rec": 0.8110754489898682, "I-EMPLOYMENT_valid_rec": 0.9388961791992188, "B-EMPLOYMENT_valid_prec": 0.090113066136837, "I-EMPLOYMENT_valid_prec": 0.012742090970277786, "_runtime": 331, "_timestamp": 1633602961, "_step": 4, "_wandb": {"runtime": 392}}