{"epoch": 9, "train_loss": 0.6969639952782984, "train_acc": 0.008980135433375835, "valid_loss": 0.776494968438513, "valid_acc": 0.0014035421190783381, "LR": 0.00015, "B-ORG_valid_rec": 0.6854482889175415, "I-ORG_valid_rec": 0.5934755206108093, "B-EMPLOYMENT_valid_rec": 0.8895899057388306, "I-EMPLOYMENT_valid_rec": 0.9720670580863953, "B-EMPLOYMENT_valid_prec": 0.0714014396071434, "I-EMPLOYMENT_valid_prec": 0.011014052666723728, "_runtime": 977, "_timestamp": 1633478490, "_step": 9, "B-EMPLOYMENT_appended_data": 12, "I-EMPLOYMENT_appended_data": 72, "_wandb": {"runtime": 1084}}