{"epoch": 74, "train_loss": -0.13046874882665288, "train_acc": 0.6681075096130371, "valid_loss": 1.6162679530192152, "valid_acc": 0.6229803562164307, "LR": 0.000125, "acting_valid_rec": 0.541436493396759, "arts_valid_rec": 0.5026634335517883, "author_valid_rec": 0.48571428656578064, "automotive_valid_rec": 0.686141312122345, "beauty_valid_rec": 0.8151693940162659, "business_valid_rec": 0.5926544070243835, "children_valid_rec": 0.33877912163734436, "cinema_valid_rec": 0.6375839114189148, "comedy_valid_rec": 0.42553192377090454, "comicbooks_valid_rec": 0.591549277305603, "diy_and_crafts_valid_rec": 0.5987493395805359, "education_valid_rec": 0.364705890417099, "entrepreneur_valid_rec": 0.5608782172203064, "fashion_valid_rec": 0.7383153438568115, "fitness_valid_rec": 0.4984894394874573, "food_valid_rec": 0.6691918969154358, "gaming_valid_rec": 0.380952388048172, "home_and_gardening_valid_rec": 0.4754098355770111, "lifestyle_valid_rec": 0.23674911260604858, "literature_valid_rec": 0.6731898188591003, "marketing_valid_rec": 0.5316455960273743, "motivational_valid_rec": 0.29032257199287415, "music_valid_rec": 0.36021506786346436, "performance_arts_valid_rec": 0.41233766078948975, "pets_valid_rec": 0.49307480454444885, "photography_valid_rec": 0.5991379022598267, "running_valid_rec": 0.5977011322975159, "science_valid_rec": 0.77224200963974, "spirituality_valid_rec": 0.5920577645301819, "sports_valid_rec": 0.5873655676841736, "tattoos_valid_rec": 0.6267281174659729, "technology_valid_rec": 0.44324323534965515, "travel_valid_rec": 0.5102339386940002, "vegan_valid_rec": 0.4146341383457184, "video_games_valid_rec": 0.2897196114063263, "wedding_valid_rec": 0.5691382884979248, "yoga_valid_rec": 0.2719033360481262, "acting_valid_prec": 0.2506393790245056, "arts_valid_prec": 0.5547835230827332, "author_valid_prec": 0.14579759538173676, "automotive_valid_prec": 0.46522340178489685, "beauty_valid_prec": 0.9411264657974243, "business_valid_prec": 0.6431159377098083, "children_valid_prec": 0.7426429986953735, "cinema_valid_prec": 0.3974895477294922, "comedy_valid_prec": 0.1550387591123581, "comicbooks_valid_prec": 0.3206106722354889, "diy_and_crafts_valid_prec": 0.6833862066268921, "education_valid_prec": 0.27653881907463074, "entrepreneur_valid_prec": 0.5513407588005066, "fashion_valid_prec": 0.8300644159317017, "fitness_valid_prec": 0.36263737082481384, "food_valid_prec": 0.6996699571609497, "gaming_valid_prec": 0.1723518818616867, "home_and_gardening_valid_prec": 0.2534964978694916, "lifestyle_valid_prec": 0.10576163977384567, "literature_valid_prec": 0.46612465381622314, "marketing_valid_prec": 0.2048780471086502, "motivational_valid_prec": 0.0875486359000206, "music_valid_prec": 0.15783274173736572, "performance_arts_valid_prec": 0.24053029716014862, "pets_valid_prec": 0.3153232932090759, "photography_valid_prec": 0.26577436923980713, "running_valid_prec": 0.2685025930404663, "science_valid_prec": 0.4305555522441864, "spirituality_valid_prec": 0.3076923191547394, "sports_valid_prec": 0.44410568475723267, "tattoos_valid_prec": 0.44590163230895996, "technology_valid_prec": 0.18894009292125702, "travel_valid_prec": 0.3586844801902771, "vegan_valid_prec": 0.18398268520832062, "video_games_valid_prec": 0.19374999403953552, "wedding_valid_prec": 0.3368920385837555, "yoga_valid_prec": 0.1965065449476242, "_runtime": 49693, "_timestamp": 1642747491, "_step": 51}