{"epoch": 40, "train_loss": 0.9289567522826172, "train_acc": 0.6155075430870056, "valid_loss": 4.148079629892515, "valid_acc": 0.35695555806159973, "LR": 0.000125, "acting_valid_rec": 0.3388429880142212, "arts_valid_rec": 0.25398358702659607, "author_valid_rec": 0.4285714328289032, "automotive_valid_rec": 0.551630437374115, "beauty_valid_rec": 0.5124869346618652, "business_valid_rec": 0.18196995556354523, "children_valid_rec": 0.05001899600028992, "cinema_valid_rec": 0.3199999928474426, "comedy_valid_rec": 0.6241610646247864, "comicbooks_valid_rec": 0.4749999940395355, "diy_and_crafts_valid_rec": 0.20857936143875122, "education_valid_rec": 0.1391509473323822, "entrepreneur_valid_rec": 0.35970744490623474, "fashion_valid_rec": 0.5010414123535156, "fitness_valid_rec": 0.25830814242362976, "food_valid_rec": 0.4391167163848877, "gaming_valid_rec": 0.1984127014875412, "home_and_gardening_valid_rec": 0.22295081615447998, "lifestyle_valid_rec": 0.1590106040239334, "literature_valid_rec": 0.6182170510292053, "marketing_valid_rec": 0.3291139304637909, "motivational_valid_rec": 0.09677419066429138, "music_valid_rec": 0.2876712381839752, "performance_arts_valid_rec": 0.15135134756565094, "pets_valid_rec": 0.3254847526550293, "photography_valid_rec": 0.9956709742546082, "running_valid_rec": 0.4482758641242981, "science_valid_rec": 0.033898305147886276, "spirituality_valid_rec": 0.3646209239959717, "sports_valid_rec": 0.39030954241752625, "tattoos_valid_rec": 0.47926267981529236, "technology_valid_rec": 0.2918919026851654, "travel_valid_rec": 0.2923976480960846, "vegan_valid_rec": 0.3480392098426819, "video_games_valid_rec": 0.2616822421550751, "wedding_valid_rec": 0.37274548411369324, "yoga_valid_rec": 0.15898959338665009, "acting_valid_prec": 0.2192513346672058, "arts_valid_prec": 0.415481835603714, "author_valid_prec": 0.04318618029356003, "automotive_valid_prec": 0.16541047394275665, "beauty_valid_prec": 0.9595588445663452, "business_valid_prec": 0.05866523087024689, "children_valid_prec": 0.5877976417541504, "cinema_valid_prec": 0.4637681245803833, "comedy_valid_prec": 0.133237823843956, "comicbooks_valid_prec": 0.006425430998206139, "diy_and_crafts_valid_prec": 0.5208152532577515, "education_valid_prec": 0.17151163518428802, "entrepreneur_valid_prec": 0.6044692993164062, "fashion_valid_prec": 0.7581248879432678, "fitness_valid_prec": 0.40811455249786377, "food_valid_prec": 0.7303252816200256, "gaming_valid_prec": 0.1041666641831398, "home_and_gardening_valid_prec": 0.2730923593044281, "lifestyle_valid_prec": 0.03032344952225685, "literature_valid_prec": 0.24463190138339996, "marketing_valid_prec": 0.10569106042385101, "motivational_valid_prec": 0.07575757801532745, "music_valid_prec": 0.06414172053337097, "performance_arts_valid_prec": 0.11940298229455948, "pets_valid_prec": 0.2670454680919647, "photography_valid_prec": 0.03303173929452896, "running_valid_prec": 0.11164122074842453, "science_valid_prec": 0.09090909361839294, "spirituality_valid_prec": 0.11924438923597336, "sports_valid_prec": 0.4055944085121155, "tattoos_valid_prec": 0.38376384973526, "technology_valid_prec": 0.06609547138214111, "travel_valid_prec": 0.4032258093357086, "vegan_valid_prec": 0.10534124821424484, "video_games_valid_prec": 0.08615384250879288, "wedding_valid_prec": 0.2839694619178772, "yoga_valid_prec": 0.26750001311302185, "_runtime": 43518, "_timestamp": 1639739995, "_step": 40}