{"epoch": 45, "train_loss": 0.13464748620619327, "train_acc": 1.1447330713272095, "valid_loss": 0.12275332530866225, "valid_acc": 0.17966526746749878, "LR": 0.001, "O_valid_rec": 0.0, "B-PER_valid_rec": 0.9500194191932678, "I-PER_valid_rec": 0.991641640663147, "B-LOC_valid_rec": 0.9514212608337402, "I-LOC_valid_rec": 0.930149257183075, "B-ORG_valid_rec": 0.9423053860664368, "I-ORG_valid_rec": 0.978592038154602, "_runtime": 132519, "_timestamp": 1633958245, "_step": 45, "_wandb": {"runtime": 132644}}