{"epoch": 80, "train_loss": 0.14488625776259198, "train_acc": 0.49756649136543274, "valid_loss": 0.2553269737804535, "valid_acc": 0.07764019817113876, "LR": 0.00025, "O_valid_rec": 0.8748241066932678, "PERSON_valid_rec": 0.8629826307296753, "GPE_valid_rec": 0.940144419670105, "ORG_valid_rec": 0.9004092812538147, "EMPLOYMENT_valid_rec": 0.9848200082778931, "AGE_valid_rec": 0.9976201057434082, "PERSON_FAM_valid_rec": 0.827398419380188, "O_valid_prec": 0.8525609374046326, "PERSON_valid_prec": 0.04085135832428932, "GPE_valid_prec": 0.06297901272773743, "ORG_valid_prec": 0.015449468046426773, "EMPLOYMENT_valid_prec": 0.013794307596981525, "AGE_valid_prec": 0.00858596432954073, "PERSON_FAM_valid_prec": 0.005778920371085405, "_runtime": 9390, "_timestamp": 1634232659, "_step": 80}