{"epoch": 13, "train_loss": 0.5852012008359104, "train_acc": 0.009434555657207966, "valid_loss": 0.7093122442519995, "valid_acc": 0.0014545379672199488, "LR": 0.00015, "B-ORG_valid_rec": 0.6888779997825623, "I-ORG_valid_rec": 0.6022584438323975, "B-EMPLOYMENT_valid_rec": 0.9290220737457275, "I-EMPLOYMENT_valid_rec": 0.9664804339408875, "B-EMPLOYMENT_valid_prec": 0.07195211201906204, "I-EMPLOYMENT_valid_prec": 0.010566821321845055, "_runtime": 1404, "_timestamp": 1633464791, "_step": 13, "B-EMPLOYMENT_appended_data": 96, "I-EMPLOYMENT_appended_data": 218, "_wandb": {"runtime": 1481}}