{"epoch": 55, "train_loss": 0.19088173220081933, "train_acc": 0.42667949199676514, "valid_loss": 0.32146185587643283, "valid_acc": 0.06125036999583244, "LR": 0.0005, "O_valid_rec": 0.6808111667633057, "PERSON_valid_rec": 0.8624263405799866, "GPE_valid_rec": 0.9441047310829163, "ORG_valid_rec": 0.9093906283378601, "EMPLOYMENT_valid_rec": 0.0, "AGE_valid_rec": 0.0, "PERSON_FAM_valid_rec": 0.8220918774604797, "O_valid_prec": 0.8410258293151855, "PERSON_valid_prec": 0.05174929276108742, "GPE_valid_prec": 0.08016769587993622, "ORG_valid_prec": 0.019778894260525703, "EMPLOYMENT_valid_prec": 0.0, "AGE_valid_prec": 0.0, "PERSON_FAM_valid_prec": 0.007278306409716606, "_runtime": 6501, "_timestamp": 1634220671, "_step": 55}