{"epoch": 91, "train_loss": 0.7545911189872924, "train_acc": 0.7900642156600952, "valid_loss": 1.9543693600766405, "valid_acc": 0.5929133892059326, "LR": 6.25e-05, "acting_valid_rec": 0.6386554837226868, "arts_valid_rec": 0.15799842774868011, "author_valid_rec": 0.730434775352478, "automotive_valid_rec": 0.6160714030265808, "beauty_valid_rec": 0.49362701177597046, "business_valid_rec": 0.07865168899297714, "children_valid_rec": 0.562447190284729, "cinema_valid_rec": 0.5942491888999939, "comedy_valid_rec": 0.9142857193946838, "comicbooks_valid_rec": 0.7227723002433777, "diy_and_crafts_valid_rec": 0.833306074142456, "education_valid_rec": 0.4232698082923889, "entrepreneur_valid_rec": 0.5432873368263245, "fashion_valid_rec": 0.779033899307251, "fitness_valid_rec": 0.42612138390541077, "food_valid_rec": 0.7376543283462524, "gaming_valid_rec": 0.7007299065589905, "home_and_gardening_valid_rec": 0.6156351566314697, "lifestyle_valid_rec": 0.7060810923576355, "literature_valid_rec": 0.4711538553237915, "marketing_valid_rec": 0.46385541558265686, "motivational_valid_rec": 0.6392405033111572, "music_valid_rec": 0.5910063982009888, "performance_arts_valid_rec": 0.44474393129348755, "pets_valid_rec": 0.8271092772483826, "photography_valid_rec": 0.6855791807174683, "running_valid_rec": 0.8333333134651184, "science_valid_rec": 0.16923077404499054, "spirituality_valid_rec": 0.07719298452138901, "sports_valid_rec": 0.563417911529541, "tattoos_valid_rec": 0.9262672662734985, "technology_valid_rec": 0.4224599003791809, "travel_valid_rec": 0.7117903828620911, "vegan_valid_rec": 0.6875, "video_games_valid_rec": 0.8214285969734192, "wedding_valid_rec": 0.7014027833938599, "yoga_valid_rec": 0.5760869383811951, "acting_valid_prec": 0.47058823704719543, "arts_valid_prec": 0.7741312980651855, "author_valid_prec": 0.12316715717315674, "automotive_valid_prec": 0.7346007823944092, "beauty_valid_prec": 0.9894042611122131, "business_valid_prec": 0.002073459792882204, "children_valid_prec": 0.9711731672286987, "cinema_valid_prec": 0.6863468885421753, "comedy_valid_prec": 0.04848484694957733, "comicbooks_valid_prec": 0.1327272653579712, "diy_and_crafts_valid_prec": 0.927428126335144, "education_valid_prec": 0.562666654586792, "entrepreneur_valid_prec": 0.9164021015167236, "fashion_valid_prec": 0.9750763773918152, "fitness_valid_prec": 0.7708830833435059, "food_valid_prec": 0.9306853413581848, "gaming_valid_prec": 0.6018808484077454, "home_and_gardening_valid_prec": 0.8146551847457886, "lifestyle_valid_prec": 0.7333333492279053, "literature_valid_prec": 0.4117647111415863, "marketing_valid_prec": 0.07057745009660721, "motivational_valid_prec": 0.5260416865348816, "music_valid_prec": 0.6258503198623657, "performance_arts_valid_prec": 0.523809552192688, "pets_valid_prec": 0.8859259486198425, "photography_valid_prec": 0.13757115602493286, "running_valid_prec": 0.4462474584579468, "science_valid_prec": 0.004287384916096926, "spirituality_valid_prec": 0.02981029823422432, "sports_valid_prec": 0.7843866348266602, "tattoos_valid_prec": 0.8589743375778198, "technology_valid_prec": 0.09070034325122833, "travel_valid_prec": 0.9072356224060059, "vegan_valid_prec": 0.6875, "video_games_valid_prec": 0.574999988079071, "wedding_valid_prec": 0.8215962648391724, "yoga_valid_prec": 0.7035398483276367, "_runtime": 46904, "_timestamp": 1639130482, "_step": 91}