{"epoch": 43, "train_loss": 0.16216036903135705, "train_acc": 0.5129431486129761, "valid_loss": 0.26171825715548086, "valid_acc": 0.07946652919054031, "LR": 1e-05, "O_valid_rec": 0.849764883518219, "PERSON_valid_rec": 0.9023188948631287, "GPE_valid_rec": 0.9378829598426819, "ORG_valid_rec": 0.9022078514099121, "EMPLOYMENT_valid_rec": 0.9927049279212952, "_runtime": 5009, "_timestamp": 1634054038, "_step": 43, "EMPLOYMENT_appended_data": 4543, "_wandb": {"runtime": 5100}}