{"epoch": 13, "train_loss": 0.543099053603508, "train_acc": 0.00966617651283741, "valid_loss": 0.7121904591502408, "valid_acc": 0.001451872638426721, "LR": 0.00015, "B-ORG_valid_rec": 0.6874081492424011, "I-ORG_valid_rec": 0.6072772741317749, "B-EMPLOYMENT_valid_rec": 0.9274448156356812, "I-EMPLOYMENT_valid_rec": 0.9664804339408875, "B-EMPLOYMENT_valid_prec": 0.07196181267499924, "I-EMPLOYMENT_valid_prec": 0.01058621983975172, "_runtime": 1773, "_timestamp": 1633467424, "_step": 13, "B-EMPLOYMENT_appended_data": 1520, "I-EMPLOYMENT_appended_data": 451, "_wandb": {"runtime": 1873}}