{"epoch": 4, "train_loss": -0.24795586604984474, "train_acc": 0.9030765295028687, "valid_loss": 0.35680711201799703, "valid_acc": 0.9714781641960144, "LR": 0.001, "0_valid_rec": 0.9813401699066162, "1_valid_rec": 0.6406844258308411, "0_valid_prec": 0.9895760416984558, "1_valid_prec": 0.49692800641059875, "_runtime": 1169, "_timestamp": 1645658927, "_step": 1}