{"epoch": 26, "train_loss": -6.352361218323783, "train_acc": 0.47932037711143494, "valid_loss": -6.388331420072551, "valid_acc": 0.07519076764583588, "LR": 0.002, "O_valid_rec": 0.8411520719528198, "GPE_valid_rec": 0.9487376809120178, "ORG_valid_rec": 0.9056347012519836, "EMPLOYMENT_valid_rec": 0.9837058782577515, "AGE_valid_rec": 0.9989832639694214, "PERSON_FAM_valid_rec": 0.9387127161026001, "O_valid_prec": 0.8799222707748413, "GPE_valid_prec": 0.06581518054008484, "ORG_valid_prec": 0.01607360877096653, "EMPLOYMENT_valid_prec": 0.014227560721337795, "AGE_valid_prec": 0.008905947208404541, "PERSON_FAM_valid_prec": 0.015055411495268345, "_runtime": 3147, "_timestamp": 1634603308, "_step": 26}