{"epoch": 10, "train_loss": 0.7108023834950996, "train_acc": 0.009382483549416065, "valid_loss": 0.7121966861654752, "valid_acc": 0.0014492074260488153, "LR": 0.0001, "B-GPE_valid_rec": 0.8273138999938965, "I-GPE_valid_rec": 0.5455635786056519, "B-EMPLOYMENT_valid_rec": 0.7137224078178406, "I-EMPLOYMENT_valid_rec": 0.6368715167045593, "B-EMPLOYMENT_valid_prec": 0.055480629205703735, "I-EMPLOYMENT_valid_prec": 0.006988720037043095, "_runtime": 1141, "_timestamp": 1633397875, "_step": 10, "B-EMPLOYMENT_appended_data": 12415, "I-EMPLOYMENT_appended_data": 249}