{"epoch": 35, "train_loss": -1.2735570090495067, "train_acc": 0.06473995000123978, "valid_loss": -0.45372932037991154, "valid_acc": 0.03916605934500694, "LR": 0.001, "acting_valid_rec": 0.002754820976406336, "arts_valid_rec": 0.00193143414799124, "author_valid_rec": 0.523809552192688, "automotive_valid_rec": 0.08967391401529312, "beauty_valid_rec": 0.0, "business_valid_rec": 0.001669449033215642, "children_valid_rec": 0.0005065214354544878, "cinema_valid_rec": 0.28333333134651184, "comedy_valid_rec": 0.7516778707504272, "comicbooks_valid_rec": 0.02500000037252903, "diy_and_crafts_valid_rec": 0.0, "education_valid_rec": 0.003537735901772976, "entrepreneur_valid_rec": 0.3364361822605133, "fashion_valid_rec": 0.0, "fitness_valid_rec": 0.11631420254707336, "food_valid_rec": 0.20126183331012726, "gaming_valid_rec": 0.1944444477558136, "home_and_gardening_valid_rec": 0.02295081876218319, "lifestyle_valid_rec": 0.18727914988994598, "literature_valid_rec": 0.6182170510292053, "marketing_valid_rec": 0.17721518874168396, "motivational_valid_rec": 0.05806451663374901, "music_valid_rec": 0.05205479636788368, "performance_arts_valid_rec": 0.04054053872823715, "pets_valid_rec": 0.009695290587842464, "photography_valid_rec": 0.7705627679824829, "running_valid_rec": 0.030651340261101723, "science_valid_rec": 0.005649717524647713, "spirituality_valid_rec": 0.04332130029797554, "sports_valid_rec": 0.03499327227473259, "tattoos_valid_rec": 0.06912442296743393, "technology_valid_rec": 0.1621621549129486, "travel_valid_rec": 0.017543859779834747, "vegan_valid_rec": 0.0049019609577953815, "video_games_valid_rec": 0.21495327353477478, "wedding_valid_rec": 0.0, "yoga_valid_rec": 0.0, "acting_valid_prec": 0.0038314175326377153, "arts_valid_prec": 0.20000000298023224, "author_valid_prec": 0.01615746133029461, "automotive_valid_prec": 0.06686930358409882, "beauty_valid_prec": NaN, "business_valid_prec": 0.012345679104328156, "children_valid_prec": 0.17391304671764374, "cinema_valid_prec": 0.1004728153347969, "comedy_valid_prec": 0.11001964658498764, "comicbooks_valid_prec": 0.0006574622238986194, "diy_and_crafts_valid_prec": NaN, "education_valid_prec": 0.03896103799343109, "entrepreneur_valid_prec": 0.019256383180618286, "fashion_valid_prec": 0.0, "fitness_valid_prec": 0.22781065106391907, "food_valid_prec": 0.3076181411743164, "gaming_valid_prec": 0.11368909478187561, "home_and_gardening_valid_prec": 0.08235294371843338, "lifestyle_valid_prec": 0.03322884067893028, "literature_valid_prec": 0.28280141949653625, "marketing_valid_prec": 0.013282732106745243, "motivational_valid_prec": 0.014975041151046753, "music_valid_prec": 0.028875380754470825, "performance_arts_valid_prec": 0.009451796300709248, "pets_valid_prec": 0.021148037165403366, "photography_valid_prec": 0.03585818037390709, "running_valid_prec": 0.014440433122217655, "science_valid_prec": 0.03703703731298447, "spirituality_valid_prec": 0.014285714365541935, "sports_valid_prec": 0.1733333319425583, "tattoos_valid_prec": 0.22727273404598236, "technology_valid_prec": 0.024330900982022285, "travel_valid_prec": 0.03333333507180214, "vegan_valid_prec": 0.016949152573943138, "video_games_valid_prec": 0.03234880417585373, "wedding_valid_prec": 0.0, "yoga_valid_prec": NaN, "_runtime": 38841, "_timestamp": 1639828341, "_step": 35, "_wandb": {"runtime": 39726}}