{"epoch": 78, "train_loss": 1.5766424714789948, "train_acc": 0.46857255697250366, "valid_loss": 1.6817064070274303, "valid_acc": 0.5019286870956421, "LR": 0.001, "acting_valid_rec": 0.47237569093704224, "arts_valid_rec": 0.3118644058704376, "author_valid_rec": 0.508571445941925, "automotive_valid_rec": 0.47622281312942505, "beauty_valid_rec": 0.7002331614494324, "business_valid_rec": 0.5609349012374878, "children_valid_rec": 0.1738855093717575, "cinema_valid_rec": 0.600671112537384, "comedy_valid_rec": 0.4680851101875305, "comicbooks_valid_rec": 0.49295774102211, "diy_and_crafts_valid_rec": 0.4062879979610443, "education_valid_rec": 0.2670588195323944, "entrepreneur_valid_rec": 0.3998669385910034, "fashion_valid_rec": 0.6565551161766052, "fitness_valid_rec": 0.3972809612751007, "food_valid_rec": 0.5681818127632141, "gaming_valid_rec": 0.2738095223903656, "home_and_gardening_valid_rec": 0.4229508340358734, "lifestyle_valid_rec": 0.24028268456459045, "literature_valid_rec": 0.6418786644935608, "marketing_valid_rec": 0.607594907283783, "motivational_valid_rec": 0.3096774220466614, "music_valid_rec": 0.26075267791748047, "performance_arts_valid_rec": 0.3311688303947449, "pets_valid_rec": 0.36980608105659485, "photography_valid_rec": 0.7887930870056152, "running_valid_rec": 0.5938697457313538, "science_valid_rec": 0.708185076713562, "spirituality_valid_rec": 0.5992779731750488, "sports_valid_rec": 0.4529569745063782, "tattoos_valid_rec": 0.6543778777122498, "technology_valid_rec": 0.4810810685157776, "travel_valid_rec": 0.320175439119339, "vegan_valid_rec": 0.49268293380737305, "video_games_valid_rec": 0.5327102541923523, "wedding_valid_rec": 0.5150300860404968, "yoga_valid_rec": 0.18580059707164764, "acting_valid_prec": 0.3986014127731323, "arts_valid_prec": 0.3997516930103302, "author_valid_prec": 0.10735826194286346, "automotive_valid_prec": 0.5807787775993347, "beauty_valid_prec": 0.9244916439056396, "business_valid_prec": 0.5045045018196106, "children_valid_prec": 0.7077319622039795, "cinema_valid_prec": 0.3698347210884094, "comedy_valid_prec": 0.014416775666177273, "comicbooks_valid_prec": 0.09333333373069763, "diy_and_crafts_valid_prec": 0.6050180792808533, "education_valid_prec": 0.22837021946907043, "entrepreneur_valid_prec": 0.5483576655387878, "fashion_valid_prec": 0.7752497792243958, "fitness_valid_prec": 0.3811594247817993, "food_valid_prec": 0.7092198729515076, "gaming_valid_prec": 0.11404958367347717, "home_and_gardening_valid_prec": 0.0951327458024025, "lifestyle_valid_prec": 0.08168168365955353, "literature_valid_prec": 0.558773398399353, "marketing_valid_prec": 0.0552995391190052, "motivational_valid_prec": 0.052573930472135544, "music_valid_prec": 0.13857142627239227, "performance_arts_valid_prec": 0.16478191316127777, "pets_valid_prec": 0.2238055318593979, "photography_valid_prec": 0.24965894222259521, "running_valid_prec": 0.33622559905052185, "science_valid_prec": 0.3747645914554596, "spirituality_valid_prec": 0.17868675291538239, "sports_valid_prec": 0.3833902180194855, "tattoos_valid_prec": 0.3114035129547119, "technology_valid_prec": 0.09673912823200226, "travel_valid_prec": 0.24551568925380707, "vegan_valid_prec": 0.09360519051551819, "video_games_valid_prec": 0.024193547666072845, "wedding_valid_prec": 0.3100120723247528, "yoga_valid_prec": 0.22735674679279327, "_runtime": 42661, "_timestamp": 1642922921, "_step": 78, "_wandb": {"runtime": 43112}}