{"epoch": 0, "train_loss": 3.305194127836893, "train_acc": 0.07519985735416412, "valid_loss": 3.459570416744259, "valid_acc": 0.10592081397771835, "LR": 0.001, "acting_valid_rec": 0.0, "arts_valid_rec": 0.014478764496743679, "author_valid_rec": 0.034285712987184525, "automotive_valid_rec": 0.03736412897706032, "beauty_valid_rec": 0.0403730534017086, "business_valid_rec": 0.0, "children_valid_rec": 0.06367088854312897, "cinema_valid_rec": 0.0, "comedy_valid_rec": 0.9387755393981934, "comicbooks_valid_rec": 0.0, "diy_and_crafts_valid_rec": 0.021535255014896393, "education_valid_rec": 0.04941176623106003, "entrepreneur_valid_rec": 0.02460106462240219, "fashion_valid_rec": 0.41890132427215576, "fitness_valid_rec": 0.01812688820064068, "food_valid_rec": 0.10347003489732742, "gaming_valid_rec": 0.0, "home_and_gardening_valid_rec": 0.0590163916349411, "lifestyle_valid_rec": 0.17137809097766876, "literature_valid_rec": 0.22674418985843658, "marketing_valid_rec": 0.0, "motivational_valid_rec": 0.2967741787433624, "music_valid_rec": 0.029569892212748528, "performance_arts_valid_rec": 0.019480518996715546, "pets_valid_rec": 0.015214384533464909, "photography_valid_rec": 0.9134199023246765, "running_valid_rec": 0.0, "science_valid_rec": 0.7580071091651917, "spirituality_valid_rec": 0.018050542101264, "sports_valid_rec": 0.059139784425497055, "tattoos_valid_rec": 0.032258063554763794, "technology_valid_rec": 0.18378378450870514, "travel_valid_rec": 0.0, "vegan_valid_rec": 0.014634146355092525, "video_games_valid_rec": 0.037383176386356354, "wedding_valid_rec": 0.0, "yoga_valid_rec": 0.026745913550257683, "acting_valid_prec": 0.0, "arts_valid_prec": 0.07481297105550766, "author_valid_prec": 0.017751479521393776, "automotive_valid_prec": 0.03420398011803627, "beauty_valid_prec": 0.4598183035850525, "business_valid_prec": 0.0, "children_valid_prec": 0.2697050869464874, "cinema_valid_prec": 0.0, "comedy_valid_prec": 0.06125166267156601, "comicbooks_valid_prec": NaN, "diy_and_crafts_valid_prec": 0.22752293944358826, "education_valid_prec": 0.025439128279685974, "entrepreneur_valid_prec": 0.09736841917037964, "fashion_valid_prec": 0.5107936263084412, "fitness_valid_prec": 0.02158273383975029, "food_valid_prec": 0.1474820077419281, "gaming_valid_prec": NaN, "home_and_gardening_valid_prec": 0.028346456587314606, "lifestyle_valid_prec": 0.026670332998037338, "literature_valid_prec": 0.053206004202365875, "marketing_valid_prec": 0.0, "motivational_valid_prec": 0.009571368806064129, "music_valid_prec": 0.01827242597937584, "performance_arts_valid_prec": 0.005639097653329372, "pets_valid_prec": 0.03313253074884415, "photography_valid_prec": 0.020825108513236046, "running_valid_prec": 0.0, "science_valid_prec": 0.04376412555575371, "spirituality_valid_prec": 0.007267442066222429, "sports_valid_prec": 0.021452950313687325, "tattoos_valid_prec": 0.015590200200676918, "technology_valid_prec": 0.008994708769023418, "travel_valid_prec": 0.0, "vegan_valid_prec": 0.028301887214183807, "video_games_valid_prec": 0.006802720949053764, "wedding_valid_prec": NaN, "yoga_valid_prec": 0.029801324009895325, "_runtime": 1085, "_timestamp": 1640352611, "_step": 0, "_wandb": {"runtime": 1086}}