{"epoch": 2, "train_loss": 1.0314469088763345, "train_acc": 0.007723010610789061, "valid_loss": 1.0115265695505615, "valid_acc": 0.001262903562746942, "LR": 0.00015, "B-ORG_valid_rec": 0.6207741498947144, "I-ORG_valid_rec": 0.5294855833053589, "B-EMPLOYMENT_valid_rec": 0.8430599570274353, "I-EMPLOYMENT_valid_rec": 0.9441340565681458, "B-EMPLOYMENT_valid_prec": 0.07520224899053574, "I-EMPLOYMENT_valid_prec": 0.011888849548995495, "_runtime": 319, "_timestamp": 1633470828, "_step": 2}