{"epoch": 40, "train_loss": 0.8255502609839273, "train_acc": 0.6327261924743652, "valid_loss": 2.0441297686537356, "valid_acc": 0.5746095180511475, "LR": 0.00025, "acting_valid_rec": 0.5592286586761475, "arts_valid_rec": 0.471525102853775, "author_valid_rec": 0.6057142615318298, "automotive_valid_rec": 0.68138587474823, "beauty_valid_rec": 0.7589888572692871, "business_valid_rec": 0.6761268973350525, "children_valid_rec": 0.21544304490089417, "cinema_valid_rec": 0.6033333539962769, "comedy_valid_rec": 0.17006802558898926, "comicbooks_valid_rec": 0.42500001192092896, "diy_and_crafts_valid_rec": 0.47255992889404297, "education_valid_rec": 0.36588236689567566, "entrepreneur_valid_rec": 0.5292553305625916, "fashion_valid_rec": 0.7216870784759521, "fitness_valid_rec": 0.48036253452301025, "food_valid_rec": 0.6359621286392212, "gaming_valid_rec": 0.3928571343421936, "home_and_gardening_valid_rec": 0.4655737578868866, "lifestyle_valid_rec": 0.291519433259964, "literature_valid_rec": 0.6996123790740967, "marketing_valid_rec": 0.4683544337749481, "motivational_valid_rec": 0.3290322721004486, "music_valid_rec": 0.3682795763015747, "performance_arts_valid_rec": 0.5389610528945923, "pets_valid_rec": 0.5311203598976135, "photography_valid_rec": 0.939393937587738, "running_valid_rec": 0.6436781883239746, "science_valid_rec": 0.7971529960632324, "spirituality_valid_rec": 0.6859205961227417, "sports_valid_rec": 0.5967742204666138, "tattoos_valid_rec": 0.6635944843292236, "technology_valid_rec": 0.5297297239303589, "travel_valid_rec": 0.4517543911933899, "vegan_valid_rec": 0.502439022064209, "video_games_valid_rec": 0.2897196114063263, "wedding_valid_rec": 0.5731462836265564, "yoga_valid_rec": 0.2897473871707916, "acting_valid_prec": 0.223322331905365, "arts_valid_prec": 0.4882558584213257, "author_valid_prec": 0.15429402887821198, "automotive_valid_prec": 0.43551889061927795, "beauty_valid_prec": 0.9505878686904907, "business_valid_prec": 0.5198972821235657, "children_valid_prec": 0.7736363410949707, "cinema_valid_prec": 0.307823121547699, "comedy_valid_prec": 0.05707762390375137, "comicbooks_valid_prec": 0.1133333370089531, "diy_and_crafts_valid_prec": 0.700025737285614, "education_valid_prec": 0.27328646183013916, "entrepreneur_valid_prec": 0.5621469020843506, "fashion_valid_prec": 0.8234071135520935, "fitness_valid_prec": 0.3573033809661865, "food_valid_prec": 0.6899384260177612, "gaming_valid_prec": 0.11538461595773697, "home_and_gardening_valid_prec": 0.29894736409187317, "lifestyle_valid_prec": 0.10273972898721695, "literature_valid_prec": 0.4462299048900604, "marketing_valid_prec": 0.11562500149011612, "motivational_valid_prec": 0.09568480402231216, "music_valid_prec": 0.13604766130447388, "performance_arts_valid_prec": 0.13029827177524567, "pets_valid_prec": 0.33982300758361816, "photography_valid_prec": 0.6497005820274353, "running_valid_prec": 0.22857142984867096, "science_valid_prec": 0.34728682041168213, "spirituality_valid_prec": 0.24453024566173553, "sports_valid_prec": 0.5103448033332825, "tattoos_valid_prec": 0.2603978216648102, "technology_valid_prec": 0.18215613067150116, "travel_valid_prec": 0.408730149269104, "vegan_valid_prec": 0.13788487017154694, "video_games_valid_prec": 0.11032028496265411, "wedding_valid_prec": 0.2459157407283783, "yoga_valid_prec": 0.18696069717407227, "_runtime": 43125, "_timestamp": 1640223273, "_step": 40}