{"epoch": 68, "train_loss": 0.5377774051139279, "train_acc": 0.4457073211669922, "valid_loss": 0.5596188016919876, "valid_acc": 0.06990902870893478, "LR": 0.00025, "O_valid_rec": 0.7747555375099182, "GPE_valid_rec": 0.9364556074142456, "ORG_valid_rec": 0.9025704860687256, "EMPLOYMENT_valid_rec": 0.9808509349822998, "AGE_valid_rec": 0.9984184503555298, "PERSON_FAM_valid_rec": 0.949010968208313, "O_valid_prec": 0.8716973066329956, "GPE_valid_prec": 0.06987123191356659, "ORG_valid_prec": 0.01722950115799904, "EMPLOYMENT_valid_prec": 0.015258063562214375, "AGE_valid_prec": 0.009573389776051044, "PERSON_FAM_valid_prec": 0.016370518133044243, "_runtime": 7932, "_timestamp": 1634307550, "_step": 68}