{"epoch": 19, "train_loss": 1.2874351947806602, "train_acc": 0.5746366381645203, "valid_loss": 1.7300274033752998, "valid_acc": 0.5911188125610352, "LR": 0.001, "acting_valid_rec": 0.5123966932296753, "arts_valid_rec": 0.4502895772457123, "author_valid_rec": 0.5257142782211304, "automotive_valid_rec": 0.5978260636329651, "beauty_valid_rec": 0.7503988146781921, "business_valid_rec": 0.4257095158100128, "children_valid_rec": 0.28430378437042236, "cinema_valid_rec": 0.6233333349227905, "comedy_valid_rec": 0.7551020383834839, "comicbooks_valid_rec": 0.4749999940395355, "diy_and_crafts_valid_rec": 0.5837095975875854, "education_valid_rec": 0.46705883741378784, "entrepreneur_valid_rec": 0.5871010422706604, "fashion_valid_rec": 0.7232491374015808, "fitness_valid_rec": 0.48036253452301025, "food_valid_rec": 0.6574132442474365, "gaming_valid_rec": 0.3492063581943512, "home_and_gardening_valid_rec": 0.5114753842353821, "lifestyle_valid_rec": 0.32862189412117004, "literature_valid_rec": 0.6317829489707947, "marketing_valid_rec": 0.5063291192054749, "motivational_valid_rec": 0.3096774220466614, "music_valid_rec": 0.4005376398563385, "performance_arts_valid_rec": 0.4285714328289032, "pets_valid_rec": 0.4495159089565277, "photography_valid_rec": 0.948051929473877, "running_valid_rec": 0.6015325784683228, "science_valid_rec": 0.7651245594024658, "spirituality_valid_rec": 0.6101083159446716, "sports_valid_rec": 0.5268816947937012, "tattoos_valid_rec": 0.6774193644523621, "technology_valid_rec": 0.4972972869873047, "travel_valid_rec": 0.5160818696022034, "vegan_valid_rec": 0.5658536553382874, "video_games_valid_rec": 0.44859811663627625, "wedding_valid_rec": 0.617234468460083, "yoga_valid_rec": 0.2748885452747345, "acting_valid_prec": 0.3835051655769348, "arts_valid_prec": 0.6038835048675537, "author_valid_prec": 0.1310541331768036, "automotive_valid_prec": 0.647534966468811, "beauty_valid_prec": 0.9474744200706482, "business_valid_prec": 0.6000000238418579, "children_valid_prec": 0.7634262442588806, "cinema_valid_prec": 0.4506024122238159, "comedy_valid_prec": 0.3814432919025421, "comicbooks_valid_prec": 0.08016877621412277, "diy_and_crafts_valid_prec": 0.6489669680595398, "education_valid_prec": 0.21128259599208832, "entrepreneur_valid_prec": 0.497184693813324, "fashion_valid_prec": 0.8169386982917786, "fitness_valid_prec": 0.30228137969970703, "food_valid_prec": 0.6832786798477173, "gaming_valid_prec": 0.1461794078350067, "home_and_gardening_valid_prec": 0.25999999046325684, "lifestyle_valid_prec": 0.11764705926179886, "literature_valid_prec": 0.5719298124313354, "marketing_valid_prec": 0.13840830326080322, "motivational_valid_prec": 0.06648199260234833, "music_valid_prec": 0.1862500011920929, "performance_arts_valid_prec": 0.2583170235157013, "pets_valid_prec": 0.3101145029067993, "photography_valid_prec": 0.6822429895401001, "running_valid_prec": 0.2569558024406433, "science_valid_prec": 0.373913049697876, "spirituality_valid_prec": 0.3089579641819, "sports_valid_prec": 0.49370276927948, "tattoos_valid_prec": 0.1735537201166153, "technology_valid_prec": 0.20131291449069977, "travel_valid_prec": 0.3639175295829773, "vegan_valid_prec": 0.12045690417289734, "video_games_valid_prec": 0.07305935770273209, "wedding_valid_prec": 0.2817932367324829, "yoga_valid_prec": 0.19111570715904236, "_runtime": 20963, "_timestamp": 1640268225, "_step": 19}