{"epoch": 78, "train_loss": 0.23223720543034426, "train_acc": 0.08191060274839401, "valid_loss": 0.3361697512552728, "valid_acc": 0.012358064763247967, "LR": 1e-05, "O_valid_rec": 0.0, "PERSON_valid_rec": 0.8489754796028137, "GPE_valid_rec": 0.8768839836120605, "ORG_valid_rec": 0.8530563712120056, "EMPLOYMENT_valid_rec": 0.9540122747421265, "_runtime": 4811, "_timestamp": 1633980913, "_step": 78, "_wandb": {"runtime": 4827}}