{"epoch": 44, "train_loss": 0.21292291083764806, "train_acc": 0.9045097827911377, "valid_loss": 0.5658948205541819, "valid_acc": 0.13987500965595245, "LR": 1.5625e-05, "0_valid_rec": 0.9025787711143494, "1_valid_rec": 0.5789473652839661, "0_valid_prec": 0.98525470495224, "1_valid_prec": 0.014745308086276054, "_runtime": 4956, "_timestamp": 1636486979, "_step": 44}