{"epoch": 45, "train_loss": 0.2459400887742187, "train_acc": 0.08217651396989822, "valid_loss": 0.4490548402743395, "valid_acc": 0.01148651447147131, "LR": 1e-05, "B-ORG_valid_rec": 0.7567116618156433, "I-ORG_valid_rec": 0.8286222219467163, "B-EMPLOYMENT_valid_rec": 0.9474318027496338, "I-EMPLOYMENT_valid_rec": 0.9763469099998474, "B-EMPLOYMENT_valid_prec": 0.09130636602640152, "I-EMPLOYMENT_valid_prec": 0.011493541300296783, "_runtime": 3914, "_timestamp": 1633654422, "_step": 45, "B-EMPLOYMENT_appended_data": 1614, "I-EMPLOYMENT_appended_data": 925}