{"epoch": 97, "train_loss": 0.3040100480918284, "train_acc": 0.07659585028886795, "valid_loss": 0.42329518627673607, "valid_acc": 0.011667665094137192, "LR": 1e-05, "O_valid_rec": 0.0, "B-PERSON_valid_rec": 0.7803894281387329, "I-PERSON_valid_rec": 0.8829296827316284, "B-GPE_valid_rec": 0.8010647296905518, "I-GPE_valid_rec": 0.9370300769805908, "B-ORG_valid_rec": 0.803485095500946, "I-ORG_valid_rec": 0.8513777852058411, "B-EMPLOYMENT_valid_rec": 0.9244783520698547, "I-EMPLOYMENT_valid_rec": 0.9520367980003357, "_runtime": 6040, "_timestamp": 1633967455, "_step": 97, "_wandb": {"runtime": 6067}}