{"epoch": 159, "train_loss": 0.13565032175254255, "train_acc": 0.5009849667549133, "valid_loss": 0.26038756035268307, "valid_acc": 0.0781654343008995, "LR": 0.0005, "O_valid_rec": 0.8820269703865051, "PERSON_valid_rec": 0.8523303270339966, "GPE_valid_rec": 0.944395899772644, "ORG_valid_rec": 0.8905184268951416, "EMPLOYMENT_valid_rec": 0.9846110939979553, "AGE_valid_rec": 0.9968268275260925, "PERSON_FAM_valid_rec": 0.8480659127235413, "O_valid_prec": 0.8538045287132263, "PERSON_valid_prec": 0.04007599130272865, "GPE_valid_prec": 0.06283871084451675, "ORG_valid_prec": 0.015177085064351559, "EMPLOYMENT_valid_prec": 0.01369871012866497, "AGE_valid_prec": 0.0085214888677001, "PERSON_FAM_valid_prec": 0.005883469711989164, "_runtime": 18427, "_timestamp": 1634178673, "_step": 159, "_wandb": {"runtime": 18429}}