{"epoch": 52, "train_loss": 0.10644960318422414, "train_acc": 0.9716921448707581, "valid_loss": 0.07847302942051967, "valid_acc": 0.9807794690132141, "LR": 7.8125e-05, "0_valid_rec": 0.9809742569923401, "1_valid_rec": 0.9848484992980957, "0_valid_prec": 0.9998349547386169, "1_valid_prec": 0.3561643958091736, "_runtime": 13511, "_timestamp": 1636765171, "_step": 52}