{"epoch": 11, "train_loss": 0.1354883182576764, "train_acc": 0.5257860422134399, "valid_loss": 0.26819541623064874, "valid_acc": 0.0815996527671814, "LR": 0.0001, "O_valid_rec": 0.8772193193435669, "PERSON_valid_rec": 0.900750458240509, "GPE_valid_rec": 0.9425584673881531, "ORG_valid_rec": 0.8913672566413879, "EMPLOYMENT_valid_rec": 0.9820483326911926, "_runtime": 1374, "_timestamp": 1634048948, "_step": 11, "EMPLOYMENT_appended_data": 1409}