{"epoch": 59, "train_loss": 0.06154483614359051, "train_acc": 0.9748187065124512, "valid_loss": 0.7341021521177579, "valid_acc": 0.9660552144050598, "LR": 0.00025, "0_valid_rec": 0.9823285937309265, "1_valid_rec": 0.7674766182899475, "0_valid_prec": 0.9834767580032349, "1_valid_prec": 0.7550569772720337, "_runtime": 19266, "_timestamp": 1645732398, "_step": 59}