{"epoch": 5, "train_loss": 0.20942722356411017, "train_acc": 0.9498604536056519, "valid_loss": 0.159794876171241, "valid_acc": 0.9515959620475769, "LR": 0.001, "0_valid_rec": 0.9522967338562012, "1_valid_rec": 0.8845080137252808, "0_valid_prec": 0.9987887144088745, "1_valid_prec": 0.15641389787197113, "_runtime": 6366, "_timestamp": 1642034482, "_step": 5}