{"epoch": 13, "train_loss": 1.1605943309736586, "train_acc": 0.5495959520339966, "valid_loss": 2.1861623074138183, "valid_acc": 0.4712154269218445, "LR": 0.001, "acting_valid_rec": 0.47790056467056274, "arts_valid_rec": 0.27409201860427856, "author_valid_rec": 0.5314285755157471, "automotive_valid_rec": 0.5427989363670349, "beauty_valid_rec": 0.6506504416465759, "business_valid_rec": 0.2888146936893463, "children_valid_rec": 0.11879432946443558, "cinema_valid_rec": 0.5973154306411743, "comedy_valid_rec": 0.2978723347187042, "comicbooks_valid_rec": 0.5492957830429077, "diy_and_crafts_valid_rec": 0.4644780158996582, "education_valid_rec": 0.2835294008255005, "entrepreneur_valid_rec": 0.42581504583358765, "fashion_valid_rec": 0.5919802188873291, "fitness_valid_rec": 0.3867069482803345, "food_valid_rec": 0.5801767706871033, "gaming_valid_rec": 0.408730149269104, "home_and_gardening_valid_rec": 0.3540983498096466, "lifestyle_valid_rec": 0.2773851454257965, "literature_valid_rec": 0.6379647850990295, "marketing_valid_rec": 0.5443037748336792, "motivational_valid_rec": 0.20000000298023224, "music_valid_rec": 0.1827957034111023, "performance_arts_valid_rec": 0.38311687111854553, "pets_valid_rec": 0.35041549801826477, "photography_valid_rec": 0.8534482717514038, "running_valid_rec": 0.5593869686126709, "science_valid_rec": 0.6192170977592468, "spirituality_valid_rec": 0.6137183904647827, "sports_valid_rec": 0.40591397881507874, "tattoos_valid_rec": 0.52073734998703, "technology_valid_rec": 0.3729729652404785, "travel_valid_rec": 0.30994153022766113, "vegan_valid_rec": 0.41951218247413635, "video_games_valid_rec": 0.38317757844924927, "wedding_valid_rec": 0.4228456914424896, "yoga_valid_rec": 0.1752265840768814, "acting_valid_prec": 0.3537832200527191, "arts_valid_prec": 0.5145454406738281, "author_valid_prec": 0.06803219020366669, "automotive_valid_prec": 0.33543241024017334, "beauty_valid_prec": 0.9411503672599792, "business_valid_prec": 0.6603053212165833, "children_valid_prec": 0.6700000166893005, "cinema_valid_prec": 0.39643651247024536, "comedy_valid_prec": 0.05343511328101158, "comicbooks_valid_prec": 0.027406886219978333, "diy_and_crafts_valid_prec": 0.5267927646636963, "education_valid_prec": 0.24318869411945343, "entrepreneur_valid_prec": 0.6497461795806885, "fashion_valid_prec": 0.7622799873352051, "fitness_valid_prec": 0.36467236280441284, "food_valid_prec": 0.7113003134727478, "gaming_valid_prec": 0.09847036004066467, "home_and_gardening_valid_prec": 0.13705584406852722, "lifestyle_valid_prec": 0.07737801969051361, "literature_valid_prec": 0.5749558806419373, "marketing_valid_prec": 0.09227468073368073, "motivational_valid_prec": 0.07888040691614151, "music_valid_prec": 0.07046632468700409, "performance_arts_valid_prec": 0.1943986862897873, "pets_valid_prec": 0.1818835437297821, "photography_valid_prec": 0.11764705926179886, "running_valid_prec": 0.30290457606315613, "science_valid_prec": 0.31351351737976074, "spirituality_valid_prec": 0.09315068274736404, "sports_valid_prec": 0.27808472514152527, "tattoos_valid_prec": 0.17683881521224976, "technology_valid_prec": 0.09745762497186661, "travel_valid_prec": 0.32024168968200684, "vegan_valid_prec": 0.08884297311306, "video_games_valid_prec": 0.037788018584251404, "wedding_valid_prec": 0.2859078645706177, "yoga_valid_prec": 0.13679245114326477, "_runtime": 14695, "_timestamp": 1642616211, "_step": 13}