{"epoch": 0, "train_loss": 0.4261675983372129, "train_acc": 0.0007245968445204198, "valid_loss": 0.12111807705257008, "valid_acc": 0.00012047113705193624, "LR": 0.0001, "B-ORG_valid_rec": 0.0, "I-ORG_valid_rec": 0.0, "B-EMPLOYMENT_valid_rec": 1.0, "I-EMPLOYMENT_valid_rec": 0.49162012338638306, "B-EMPLOYMENT_valid_prec": 0.9351032376289368, "I-EMPLOYMENT_valid_prec": 0.06489675492048264, "_runtime": 98, "_timestamp": 1633460488, "_step": 0}