{"epoch": 40, "train_loss": -0.25844114899079884, "train_acc": 0.7485576272010803, "valid_loss": 3.127123287964336, "valid_acc": 0.5729985237121582, "LR": 0.000125, "acting_valid_rec": 0.469613254070282, "arts_valid_rec": 0.4547215402126312, "author_valid_rec": 0.2800000011920929, "automotive_valid_rec": 0.65013587474823, "beauty_valid_rec": 0.7788414359092712, "business_valid_rec": 0.24207012355327606, "children_valid_rec": 0.2810283601284027, "cinema_valid_rec": 0.4932885766029358, "comedy_valid_rec": 0.1702127605676651, "comicbooks_valid_rec": 0.5352112650871277, "diy_and_crafts_valid_rec": 0.5304846167564392, "education_valid_rec": 0.3552941083908081, "entrepreneur_valid_rec": 0.5349301099777222, "fashion_valid_rec": 0.6995182633399963, "fitness_valid_rec": 0.4758308231830597, "food_valid_rec": 0.6464646458625793, "gaming_valid_rec": 0.2698412835597992, "home_and_gardening_valid_rec": 0.31475409865379333, "lifestyle_valid_rec": 0.273851603269577, "literature_valid_rec": 0.6360078454017639, "marketing_valid_rec": 0.4430379867553711, "motivational_valid_rec": 0.17419354617595673, "music_valid_rec": 0.3521505296230316, "performance_arts_valid_rec": 0.3896103799343109, "pets_valid_rec": 0.42659279704093933, "photography_valid_rec": 0.767241358757019, "running_valid_rec": 0.524904191493988, "science_valid_rec": 0.626334547996521, "spirituality_valid_rec": 0.512635350227356, "sports_valid_rec": 0.4784946143627167, "tattoos_valid_rec": 0.557603657245636, "technology_valid_rec": 0.4378378391265869, "travel_valid_rec": 0.44005846977233887, "vegan_valid_rec": 0.3121951222419739, "video_games_valid_rec": 0.1962616890668869, "wedding_valid_rec": 0.44288578629493713, "yoga_valid_rec": 0.2915407717227936, "acting_valid_prec": 0.2698412835597992, "arts_valid_prec": 0.4523121416568756, "author_valid_prec": 0.13279132544994354, "automotive_valid_prec": 0.39742523431777954, "beauty_valid_prec": 0.914211630821228, "business_valid_prec": 0.7323232293128967, "children_valid_prec": 0.7024374604225159, "cinema_valid_prec": 0.4726687967777252, "comedy_valid_prec": 0.2666666805744171, "comicbooks_valid_prec": 0.42222222685813904, "diy_and_crafts_valid_prec": 0.6463491916656494, "education_valid_prec": 0.21252639591693878, "entrepreneur_valid_prec": 0.4615384638309479, "fashion_valid_prec": 0.7836931347846985, "fitness_valid_prec": 0.32175689935684204, "food_valid_prec": 0.6161251664161682, "gaming_valid_prec": 0.14592275023460388, "home_and_gardening_valid_prec": 0.2601625919342041, "lifestyle_valid_prec": 0.10204081982374191, "literature_valid_prec": 0.3987730145454407, "marketing_valid_prec": 0.315315306186676, "motivational_valid_prec": 0.08794788271188736, "music_valid_prec": 0.0876254215836525, "performance_arts_valid_prec": 0.22813688218593597, "pets_valid_prec": 0.24979723989963531, "photography_valid_prec": 0.21523578464984894, "running_valid_prec": 0.3391089141368866, "science_valid_prec": 0.5253731608390808, "spirituality_valid_prec": 0.30084747076034546, "sports_valid_prec": 0.38864627480506897, "tattoos_valid_prec": 0.4158075749874115, "technology_valid_prec": 0.23209169507026672, "travel_valid_prec": 0.2863939106464386, "vegan_valid_prec": 0.2012578547000885, "video_games_valid_prec": 0.12883435189723969, "wedding_valid_prec": 0.23411017656326294, "yoga_valid_prec": 0.12935656309127808, "_runtime": 44463, "_timestamp": 1641730392, "_step": 40, "_wandb": {"runtime": 45385}}