{"epoch": 26, "train_loss": -0.47111677648716194, "train_acc": 0.7984057068824768, "valid_loss": 3.2013530754800543, "valid_acc": 0.6048129200935364, "LR": 0.00025, "acting_valid_rec": 0.4793388545513153, "arts_valid_rec": 0.501447856426239, "author_valid_rec": 0.34857141971588135, "automotive_valid_rec": 0.713994562625885, "beauty_valid_rec": 0.791814923286438, "business_valid_rec": 0.27712854743003845, "children_valid_rec": 0.350253164768219, "cinema_valid_rec": 0.596666693687439, "comedy_valid_rec": 0.7551020383834839, "comicbooks_valid_rec": 0.3499999940395355, "diy_and_crafts_valid_rec": 0.5762417316436768, "education_valid_rec": 0.3400000035762787, "entrepreneur_valid_rec": 0.5565159320831299, "fashion_valid_rec": 0.7430356740951538, "fitness_valid_rec": 0.4365558922290802, "food_valid_rec": 0.6649842262268066, "gaming_valid_rec": 0.289682537317276, "home_and_gardening_valid_rec": 0.36721310019493103, "lifestyle_valid_rec": 0.2862190902233124, "literature_valid_rec": 0.6279069781303406, "marketing_valid_rec": 0.37974682450294495, "motivational_valid_rec": 0.10967741906642914, "music_valid_rec": 0.3467741906642914, "performance_arts_valid_rec": 0.37012988328933716, "pets_valid_rec": 0.41632089018821716, "photography_valid_rec": 0.9134199023246765, "running_valid_rec": 0.50957852602005, "science_valid_rec": 0.6049821972846985, "spirituality_valid_rec": 0.570397138595581, "sports_valid_rec": 0.5618279576301575, "tattoos_valid_rec": 0.5668202638626099, "technology_valid_rec": 0.37837839126586914, "travel_valid_rec": 0.44736841320991516, "vegan_valid_rec": 0.30243903398513794, "video_games_valid_rec": 0.21495327353477478, "wedding_valid_rec": 0.46893787384033203, "yoga_valid_rec": 0.2511143982410431, "acting_valid_prec": 0.27401575446128845, "arts_valid_prec": 0.46157264709472656, "author_valid_prec": 0.1768115907907486, "automotive_valid_prec": 0.34492942690849304, "beauty_valid_prec": 0.9233686327934265, "business_valid_prec": 0.7793427109718323, "children_valid_prec": 0.6994438767433167, "cinema_valid_prec": 0.46253231167793274, "comedy_valid_prec": 0.5577889680862427, "comicbooks_valid_prec": 0.24561403691768646, "diy_and_crafts_valid_prec": 0.661219596862793, "education_valid_prec": 0.2325020134449005, "entrepreneur_valid_prec": 0.5244361162185669, "fashion_valid_prec": 0.8149628639221191, "fitness_valid_prec": 0.349455863237381, "food_valid_prec": 0.6131471991539001, "gaming_valid_prec": 0.20000000298023224, "home_and_gardening_valid_prec": 0.37710437178611755, "lifestyle_valid_prec": 0.08557844907045364, "literature_valid_prec": 0.42800527811050415, "marketing_valid_prec": 0.29411765933036804, "motivational_valid_prec": 0.07391304522752762, "music_valid_prec": 0.13230769336223602, "performance_arts_valid_prec": 0.23408624529838562, "pets_valid_prec": 0.30434781312942505, "photography_valid_prec": 0.2560679614543915, "running_valid_prec": 0.32678133249282837, "science_valid_prec": 0.551948070526123, "spirituality_valid_prec": 0.3141153156757355, "sports_valid_prec": 0.36958444118499756, "tattoos_valid_prec": 0.5278970003128052, "technology_valid_prec": 0.24137930572032928, "travel_valid_prec": 0.3308108150959015, "vegan_valid_prec": 0.33879780769348145, "video_games_valid_prec": 0.1369047611951828, "wedding_valid_prec": 0.3861386179924011, "yoga_valid_prec": 0.18756936490535736, "_runtime": 35420, "_timestamp": 1640475631, "_step": 26, "_wandb": {"runtime": 36378}}