{"epoch": 20, "train_loss": 0.5442122748858014, "train_acc": 0.6832076907157898, "valid_loss": 2.999776546912024, "valid_acc": 0.4593534469604492, "LR": 0.0005, "acting_valid_rec": 0.40495866537094116, "arts_valid_rec": 0.41119691729545593, "author_valid_rec": 0.47999998927116394, "automotive_valid_rec": 0.64673912525177, "beauty_valid_rec": 0.6631488800048828, "business_valid_rec": 0.28547579050064087, "children_valid_rec": 0.149367094039917, "cinema_valid_rec": 0.44999998807907104, "comedy_valid_rec": 0.18367347121238708, "comicbooks_valid_rec": 0.3499999940395355, "diy_and_crafts_valid_rec": 0.34994789958000183, "education_valid_rec": 0.2858823537826538, "entrepreneur_valid_rec": 0.39694148302078247, "fashion_valid_rec": 0.5177037119865417, "fitness_valid_rec": 0.365558922290802, "food_valid_rec": 0.5173501372337341, "gaming_valid_rec": 0.2777777910232544, "home_and_gardening_valid_rec": 0.33770492672920227, "lifestyle_valid_rec": 0.24558304250240326, "literature_valid_rec": 0.5077519416809082, "marketing_valid_rec": 0.27848100662231445, "motivational_valid_rec": 0.11612903326749802, "music_valid_rec": 0.3494623601436615, "performance_arts_valid_rec": 0.37987011671066284, "pets_valid_rec": 0.3900415003299713, "photography_valid_rec": 0.9740259647369385, "running_valid_rec": 0.49425286054611206, "science_valid_rec": 0.6868327260017395, "spirituality_valid_rec": 0.46570396423339844, "sports_valid_rec": 0.4838709533214569, "tattoos_valid_rec": 0.5161290168762207, "technology_valid_rec": 0.3567567467689514, "travel_valid_rec": 0.31578946113586426, "vegan_valid_rec": 0.29756098985671997, "video_games_valid_rec": 0.2429906576871872, "wedding_valid_rec": 0.41482967138290405, "yoga_valid_rec": 0.23922733962535858, "acting_valid_prec": 0.18444165587425232, "arts_valid_prec": 0.40188679099082947, "author_valid_prec": 0.04216867312788963, "automotive_valid_prec": 0.25, "beauty_valid_prec": 0.9528343677520752, "business_valid_prec": 0.46978020668029785, "children_valid_prec": 0.7361197471618652, "cinema_valid_prec": 0.2647058963775635, "comedy_valid_prec": 0.017142856493592262, "comicbooks_valid_prec": 0.015590200200676918, "diy_and_crafts_valid_prec": 0.6213382482528687, "education_valid_prec": 0.17973372340202332, "entrepreneur_valid_prec": 0.5642722249031067, "fashion_valid_prec": 0.8537999391555786, "fitness_valid_prec": 0.3248322010040283, "food_valid_prec": 0.7288888692855835, "gaming_valid_prec": 0.12173912674188614, "home_and_gardening_valid_prec": 0.1632329672574997, "lifestyle_valid_prec": 0.06462110579013824, "literature_valid_prec": 0.24857684969902039, "marketing_valid_prec": 0.138364776968956, "motivational_valid_prec": 0.08256880939006805, "music_valid_prec": 0.06100422516465187, "performance_arts_valid_prec": 0.09176470339298248, "pets_valid_prec": 0.29012346267700195, "photography_valid_prec": 0.2770935893058777, "running_valid_prec": 0.20187793672084808, "science_valid_prec": 0.19338677823543549, "spirituality_valid_prec": 0.1596534699201584, "sports_valid_prec": 0.44665011763572693, "tattoos_valid_prec": 0.1456436961889267, "technology_valid_prec": 0.13017751276493073, "travel_valid_prec": 0.26832297444343567, "vegan_valid_prec": 0.11317253857851028, "video_games_valid_prec": 0.07784431427717209, "wedding_valid_prec": 0.2496984302997589, "yoga_valid_prec": 0.19075828790664673, "_runtime": 22386, "_timestamp": 1640246400, "_step": 20, "_wandb": {"runtime": 23057}}