{"epoch": 70, "train_loss": 0.6481461967267687, "train_acc": 0.48769745230674744, "valid_loss": 0.7155478474667882, "valid_acc": 0.07609448581933975, "LR": 0.0005, "O_valid_rec": 0.8553312420845032, "PERSON_valid_rec": 0.8416780233383179, "GPE_valid_rec": 0.9350630640983582, "ORG_valid_rec": 0.9117212295532227, "EMPLOYMENT_valid_rec": 0.9785529971122742, "AGE_valid_rec": 0.9972801208496094, "PERSON_FAM_valid_rec": 0.8751571178436279, "O_valid_prec": 0.8504964709281921, "PERSON_valid_prec": 0.040652185678482056, "GPE_valid_prec": 0.06391100585460663, "ORG_valid_prec": 0.015961332246661186, "EMPLOYMENT_valid_prec": 0.013984949328005314, "AGE_valid_prec": 0.008757386356592178, "PERSON_FAM_valid_prec": 0.006236652377992868, "_runtime": 8272, "_timestamp": 1634253727, "_step": 70}