{"epoch": 26, "train_loss": 0.9410801311599192, "train_acc": 0.5717045068740845, "valid_loss": 1.9706502989350692, "valid_acc": 0.5754081010818481, "LR": 0.0005, "acting_valid_rec": 0.4903581142425537, "arts_valid_rec": 0.4285714328289032, "author_valid_rec": 0.7085714340209961, "automotive_valid_rec": 0.640625, "beauty_valid_rec": 0.7764005661010742, "business_valid_rec": 0.6627712845802307, "children_valid_rec": 0.25158268213272095, "cinema_valid_rec": 0.6040268540382385, "comedy_valid_rec": 0.1160714253783226, "comicbooks_valid_rec": 0.5211267471313477, "diy_and_crafts_valid_rec": 0.5219732522964478, "education_valid_rec": 0.3294117748737335, "entrepreneur_valid_rec": 0.4827127754688263, "fashion_valid_rec": 0.6969144940376282, "fitness_valid_rec": 0.45770391821861267, "food_valid_rec": 0.6416403651237488, "gaming_valid_rec": 0.341269850730896, "home_and_gardening_valid_rec": 0.43934425711631775, "lifestyle_valid_rec": 0.22614841163158417, "literature_valid_rec": 0.6491228342056274, "marketing_valid_rec": 0.6708860993385315, "motivational_valid_rec": 0.41290321946144104, "music_valid_rec": 0.3844085931777954, "performance_arts_valid_rec": 0.4740259647369385, "pets_valid_rec": 0.4750692546367645, "photography_valid_rec": 0.6709956526756287, "running_valid_rec": 0.5440613031387329, "science_valid_rec": 0.7758007049560547, "spirituality_valid_rec": 0.6173285245895386, "sports_valid_rec": 0.5, "tattoos_valid_rec": 0.6774193644523621, "technology_valid_rec": 0.4162162244319916, "travel_valid_rec": 0.4780701696872711, "vegan_valid_rec": 0.5707316994667053, "video_games_valid_rec": 0.4392523467540741, "wedding_valid_rec": 0.5170340538024902, "yoga_valid_rec": 0.25705793499946594, "acting_valid_prec": 0.41299304366111755, "arts_valid_prec": 0.5818540453910828, "author_valid_prec": 0.08844507485628128, "automotive_valid_prec": 0.4784373342990875, "beauty_valid_prec": 0.938928484916687, "business_valid_prec": 0.4812121093273163, "children_valid_prec": 0.7752633690834045, "cinema_valid_prec": 0.42352941632270813, "comedy_valid_prec": 0.028634361922740936, "comicbooks_valid_prec": 0.1840796023607254, "diy_and_crafts_valid_prec": 0.7029239535331726, "education_valid_prec": 0.24582967162132263, "entrepreneur_valid_prec": 0.63908451795578, "fashion_valid_prec": 0.8297938108444214, "fitness_valid_prec": 0.3681652545928955, "food_valid_prec": 0.6660118103027344, "gaming_valid_prec": 0.12338593602180481, "home_and_gardening_valid_prec": 0.23426572978496552, "lifestyle_valid_prec": 0.13516367971897125, "literature_valid_prec": 0.5397082567214966, "marketing_valid_prec": 0.13874346017837524, "motivational_valid_prec": 0.07009857892990112, "music_valid_prec": 0.1316758692264557, "performance_arts_valid_prec": 0.17443250119686127, "pets_valid_prec": 0.26506954431533813, "photography_valid_prec": 0.3075396716594696, "running_valid_prec": 0.27626457810401917, "science_valid_prec": 0.33435583114624023, "spirituality_valid_prec": 0.2893401086330414, "sports_valid_prec": 0.5399129390716553, "tattoos_valid_prec": 0.3611793518066406, "technology_valid_prec": 0.16997791826725006, "travel_valid_prec": 0.3260219395160675, "vegan_valid_prec": 0.09948979318141937, "video_games_valid_prec": 0.07401575148105621, "wedding_valid_prec": 0.26353421807289124, "yoga_valid_prec": 0.1551569551229477, "_runtime": 28618, "_timestamp": 1640982570, "_step": 26, "_wandb": {"runtime": 29612}}