{"epoch": 159, "train_loss": -28.841714431369113, "train_acc": 0.4854496717453003, "valid_loss": -28.385192199025497, "valid_acc": 0.07601746916770935, "LR": 3.125e-05, "O_valid_rec": 0.852460503578186, "GPE_valid_rec": 0.9470826387405396, "ORG_valid_rec": 0.897406816482544, "EMPLOYMENT_valid_rec": 0.9754891991615295, "AGE_valid_rec": 0.9989832639694214, "PERSON_FAM_valid_rec": 0.9103296995162964, "O_valid_prec": 0.8820539712905884, "GPE_valid_prec": 0.06498587131500244, "ORG_valid_prec": 0.01575436070561409, "EMPLOYMENT_valid_prec": 0.013955285772681236, "AGE_valid_prec": 0.00880909338593483, "PERSON_FAM_valid_prec": 0.0144414147362113, "elr_loss_train": -0.0017840011197323392, "elr_loss_valid": -0.001785446245081159, "_runtime": 18280, "_timestamp": 1634624173, "_step": 159, "_wandb": {"runtime": 18281}}