{"epoch": 33, "train_loss": 0.061777407849488195, "train_acc": 0.011858378536999226, "valid_loss": 0.4775452863620228, "valid_acc": 0.0015993521083146334, "LR": 1e-05, "O_valid_acc": 0.0, "B-PERSON_valid_acc": 0.897709310054779, "I-PERSON_valid_acc": 0.7052797675132751, "B-GPE_valid_acc": 0.9013828635215759, "I-GPE_valid_acc": 0.732962429523468, "B-ORG_valid_acc": 0.7324936985969543, "I-ORG_valid_acc": 0.6068601608276367, "B-EMPLOYMENT_valid_acc": 0.9660615921020508, "I-EMPLOYMENT_valid_acc": 0.9604519605636597, "_runtime": 2784, "_timestamp": 1633196991, "_step": 33}