{"epoch": 39, "train_loss": 0.05363165442947326, "train_acc": 0.9880344271659851, "valid_loss": 0.04318747486536468, "valid_acc": 0.9908219575881958, "LR": 0.0005, "0_valid_rec": 0.9911606907844543, "1_valid_rec": 0.9321824908256531, "0_valid_prec": 0.9996206760406494, "1_valid_prec": 0.3690204918384552, "_runtime": 75200, "_timestamp": 1642512410, "_step": 39, "_wandb": {"runtime": 75354}}