{"epoch": 30, "train_loss": 0.2880494891902506, "train_acc": 0.5079543590545654, "valid_loss": 0.40804921123138166, "valid_acc": 0.07837998121976852, "LR": 1e-05, "O_valid_rec": 0.8488452434539795, "PERSON_valid_rec": 0.8287714123725891, "GPE_valid_rec": 0.864048182964325, "ORG_valid_rec": 0.840172529220581, "EMPLOYMENT_valid_rec": 0.9295522570610046, "_runtime": 2424, "_timestamp": 1633996814, "_step": 30, "EMPLOYMENT_appended_data": 2151}