{"epoch": 159, "train_loss": -13.81731269094679, "train_acc": 0.28546687960624695, "valid_loss": -13.59048773218917, "valid_acc": 0.04456891492009163, "LR": 0.00025, "O_valid_rec": 0.4516538977622986, "GPE_valid_rec": 0.9520332217216492, "ORG_valid_rec": 0.9031379222869873, "EMPLOYMENT_valid_rec": 0.9857252240180969, "AGE_valid_rec": 0.9989832639694214, "PERSON_FAM_valid_rec": 0.9375824332237244, "O_valid_prec": 0.7970911860466003, "GPE_valid_prec": 0.11142034083604813, "ORG_valid_prec": 0.027042502537369728, "EMPLOYMENT_valid_prec": 0.024052128195762634, "AGE_valid_prec": 0.015024933964014053, "PERSON_FAM_valid_prec": 0.025368912145495415, "_runtime": 18149, "_timestamp": 1634536026, "_step": 159, "_wandb": {"runtime": 18150}}