{"epoch": 2, "train_loss": 0.2911170673525608, "train_acc": 0.9113738536834717, "valid_loss": 0.3690128477497233, "valid_acc": 0.9639402627944946, "LR": 0.001, "0_valid_rec": 0.971622884273529, "1_valid_rec": 0.7088086009025574, "0_valid_prec": 0.9914517402648926, "1_valid_prec": 0.4181308448314667, "_runtime": 1757, "_timestamp": 1645654577, "_step": 2}