{"epoch": 24, "train_loss": 0.30847592320707107, "train_acc": 0.8560267686843872, "valid_loss": 0.5657960147410631, "valid_acc": 0.9211999773979187, "LR": 0.0005, "0_valid_rec": 0.9308227300643921, "1_valid_rec": 0.5087719559669495, "0_valid_prec": 0.9878366589546204, "1_valid_prec": 0.14646464586257935, "_runtime": 2755, "_timestamp": 1636561154, "_step": 24}