{"epoch": 48, "train_loss": 1.0437007626268013, "train_acc": 0.5726694464683533, "valid_loss": 1.7533846300643, "valid_acc": 0.5479439496994019, "LR": 0.001, "acting_valid_rec": 0.4917127192020416, "arts_valid_rec": 0.4416464865207672, "author_valid_rec": 0.6000000238418579, "automotive_valid_rec": 0.6005434989929199, "beauty_valid_rec": 0.7618433833122253, "business_valid_rec": 0.6210350394248962, "children_valid_rec": 0.1700861155986786, "cinema_valid_rec": 0.5469798445701599, "comedy_valid_rec": 0.5531914830207825, "comicbooks_valid_rec": 0.5352112650871277, "diy_and_crafts_valid_rec": 0.5125933885574341, "education_valid_rec": 0.26941177248954773, "entrepreneur_valid_rec": 0.45974716544151306, "fashion_valid_rec": 0.650956928730011, "fitness_valid_rec": 0.4501510560512543, "food_valid_rec": 0.6660353541374207, "gaming_valid_rec": 0.3373015820980072, "home_and_gardening_valid_rec": 0.48852458596229553, "lifestyle_valid_rec": 0.2279151976108551, "literature_valid_rec": 0.6144813895225525, "marketing_valid_rec": 0.6835442781448364, "motivational_valid_rec": 0.4516128897666931, "music_valid_rec": 0.30913978815078735, "performance_arts_valid_rec": 0.40909090638160706, "pets_valid_rec": 0.37534627318382263, "photography_valid_rec": 0.6724137663841248, "running_valid_rec": 0.6130267977714539, "science_valid_rec": 0.7295373678207397, "spirituality_valid_rec": 0.6353790760040283, "sports_valid_rec": 0.5, "tattoos_valid_rec": 0.6497696042060852, "technology_valid_rec": 0.4162162244319916, "travel_valid_rec": 0.47514620423316956, "vegan_valid_rec": 0.3853658437728882, "video_games_valid_rec": 0.29906541109085083, "wedding_valid_rec": 0.5190380811691284, "yoga_valid_rec": 0.24169184267520905, "acting_valid_prec": 0.31616342067718506, "arts_valid_prec": 0.4727838337421417, "author_valid_prec": 0.11797752976417542, "automotive_valid_prec": 0.49746763706207275, "beauty_valid_prec": 0.9381139278411865, "business_valid_prec": 0.2917647063732147, "children_valid_prec": 0.7923303842544556, "cinema_valid_prec": 0.389952152967453, "comedy_valid_prec": 0.0126953125, "comicbooks_valid_prec": 0.08315098285675049, "diy_and_crafts_valid_prec": 0.68262779712677, "education_valid_prec": 0.2782503068447113, "entrepreneur_valid_prec": 0.559967577457428, "fashion_valid_prec": 0.8499065041542053, "fitness_valid_prec": 0.3146779239177704, "food_valid_prec": 0.6855100989341736, "gaming_valid_prec": 0.11533243209123611, "home_and_gardening_valid_prec": 0.15456432104110718, "lifestyle_valid_prec": 0.13479623198509216, "literature_valid_prec": 0.5242069959640503, "marketing_valid_prec": 0.07228915393352509, "motivational_valid_prec": 0.05347593501210213, "music_valid_prec": 0.13403263688087463, "performance_arts_valid_prec": 0.1826086938381195, "pets_valid_prec": 0.34922680258750916, "photography_valid_prec": 0.3216494917869568, "running_valid_prec": 0.2209944725036621, "science_valid_prec": 0.3344208896160126, "spirituality_valid_prec": 0.19213974475860596, "sports_valid_prec": 0.47088608145713806, "tattoos_valid_prec": 0.25223612785339355, "technology_valid_prec": 0.21212121844291687, "travel_valid_prec": 0.3040224611759186, "vegan_valid_prec": 0.2057291716337204, "video_games_valid_prec": 0.11469534039497375, "wedding_valid_prec": 0.2450331151485443, "yoga_valid_prec": 0.1551891416311264, "_runtime": 8468, "_timestamp": 1641742804, "_step": 7, "_wandb": {"runtime": 9270}}