{"epoch": 4, "train_loss": 0.21417943082825483, "train_acc": 0.9089664816856384, "valid_loss": 3.5973197640880707, "valid_acc": 0.28063490986824036, "LR": 0.001, "0_valid_rec": 0.24515078961849213, "1_valid_rec": 0.9771054983139038, "0_valid_prec": 0.9952582716941833, "1_valid_prec": 0.06194598600268364, "_runtime": 850, "_timestamp": 1636562491, "_step": 4, "_wandb": {"runtime": 950}}