{"epoch": 8, "train_loss": 0.00318272653268681, "train_acc": 0.9991723895072937, "valid_loss": 0.001837240454036081, "valid_acc": 0.15612675249576569, "LR": 0.001, "0_valid_rec": 0.9996122121810913, "1_valid_rec": 0.9995538592338562, "0_valid_prec": 0.5087273120880127, "1_valid_prec": 0.4912726879119873, "_runtime": 2819, "_timestamp": 1636556646, "_step": 8}