{"epoch": 140, "train_loss": 0.8457790537974605, "train_acc": 0.7665496468544006, "valid_loss": 2.3164479064027237, "valid_acc": 0.5636768341064453, "LR": 1e-05, "acting_valid_rec": 0.6953781247138977, "arts_valid_rec": 0.265563428401947, "author_valid_rec": 0.643478274345398, "automotive_valid_rec": 0.7130101919174194, "beauty_valid_rec": 0.5855506658554077, "business_valid_rec": 0.07865168899297714, "children_valid_rec": 0.38577768206596375, "cinema_valid_rec": 0.29712459444999695, "comedy_valid_rec": 0.9485714435577393, "comicbooks_valid_rec": 0.6831682920455933, "diy_and_crafts_valid_rec": 0.8207223415374756, "education_valid_rec": 0.3410230576992035, "entrepreneur_valid_rec": 0.5558343529701233, "fashion_valid_rec": 0.6070144176483154, "fitness_valid_rec": 0.4973614811897278, "food_valid_rec": 0.7240740656852722, "gaming_valid_rec": 0.40145984292030334, "home_and_gardening_valid_rec": 0.44951140880584717, "lifestyle_valid_rec": 0.6452702879905701, "literature_valid_rec": 0.42307692766189575, "marketing_valid_rec": 0.379518061876297, "motivational_valid_rec": 0.49367088079452515, "music_valid_rec": 0.45396146178245544, "performance_arts_valid_rec": 0.38005390763282776, "pets_valid_rec": 0.7911480069160461, "photography_valid_rec": 0.7234042286872864, "running_valid_rec": 0.7613636255264282, "science_valid_rec": 0.15897436439990997, "spirituality_valid_rec": 0.23157894611358643, "sports_valid_rec": 0.5607476830482483, "tattoos_valid_rec": 0.8387096524238586, "technology_valid_rec": 0.4545454680919647, "travel_valid_rec": 0.5152838230133057, "vegan_valid_rec": 0.6346153616905212, "video_games_valid_rec": 0.6696428656578064, "wedding_valid_rec": 0.6753507256507874, "yoga_valid_rec": 0.54347825050354, "acting_valid_prec": 0.7644341588020325, "arts_valid_prec": 0.8189550638198853, "author_valid_prec": 0.08665105700492859, "automotive_valid_prec": 0.6330690979957581, "beauty_valid_prec": 0.9868342876434326, "business_valid_prec": 0.001702748704701662, "children_valid_prec": 0.9681782126426697, "cinema_valid_prec": 0.5502958297729492, "comedy_valid_prec": 0.05164903402328491, "comicbooks_valid_prec": 0.07885714620351791, "diy_and_crafts_valid_prec": 0.9427444934844971, "education_valid_prec": 0.6007066965103149, "entrepreneur_valid_prec": 0.9040816426277161, "fashion_valid_prec": 0.9728227257728577, "fitness_valid_prec": 0.7821576595306396, "food_valid_prec": 0.8961039185523987, "gaming_valid_prec": 0.5, "home_and_gardening_valid_prec": 0.5948275923728943, "lifestyle_valid_prec": 0.6334991455078125, "literature_valid_prec": 0.43478259444236755, "marketing_valid_prec": 0.05473501235246658, "motivational_valid_prec": 0.38235294818878174, "music_valid_prec": 0.5158150792121887, "performance_arts_valid_prec": 0.274319052696228, "pets_valid_prec": 0.8979591727256775, "photography_valid_prec": 0.16096791625022888, "running_valid_prec": 0.5759312510490417, "science_valid_prec": 0.0038993710186332464, "spirituality_valid_prec": 0.07325194031000137, "sports_valid_prec": 0.6158357858657837, "tattoos_valid_prec": 0.8666666746139526, "technology_valid_prec": 0.10035419464111328, "travel_valid_prec": 0.8489208817481995, "vegan_valid_prec": 0.6168224215507507, "video_games_valid_prec": 0.30737704038619995, "wedding_valid_prec": 0.8776041865348816, "yoga_valid_prec": 0.75, "_runtime": 49761, "_timestamp": 1639059832, "_step": 97}