{"epoch": 15, "train_loss": 0.09234129499735219, "train_acc": 0.0025863826740533113, "valid_loss": 0.3005622790767995, "valid_acc": 0.00025569021818228066, "LR": 0.0002, "B-ORG_valid_rec": 0.8896146416664124, "I-ORG_valid_rec": 0.6293578147888184, "B-EMPLOYMENT_valid_rec": 0.9829545617103577, "I-EMPLOYMENT_valid_rec": 0.9642857313156128, "B-EMPLOYMENT_valid_prec": 0.3606671392917633, "I-EMPLOYMENT_valid_prec": 0.04690757393836975, "_runtime": 1718, "_timestamp": 1633448493, "_step": 15, "B-EMPLOYMENT_appended_data": 5310, "I-EMPLOYMENT_appended_data": 140, "_wandb": {"runtime": 1819}}