{"epoch": 162, "train_loss": 0.07265835537295878, "train_acc": 0.9748071432113647, "valid_loss": 0.06441375935045865, "valid_acc": 0.9777275323867798, "LR": 0.00025, "0_valid_rec": 0.9769302010536194, "1_valid_rec": 0.9866529703140259, "0_valid_prec": 0.9986823201179504, "1_valid_prec": 0.805082380771637, "_runtime": 19592, "_timestamp": 1637017948, "_step": 162}