{"epoch": 55, "train_loss": 0.1739058388047686, "train_acc": 0.9436067938804626, "valid_loss": 0.6889598982951386, "valid_acc": 0.9756147265434265, "LR": 5e-05, "0_valid_rec": 0.9864905476570129, "1_valid_rec": 0.6096324324607849, "0_valid_prec": 0.9887438416481018, "1_valid_prec": 0.5648854970932007, "_runtime": 32871, "_timestamp": 1645650923, "_step": 55, "_wandb": {"runtime": 33139}}