{"epoch": 12, "train_loss": 0.02849241760288307, "train_acc": 0.05323449894785881, "valid_loss": 0.08903866358157135, "valid_acc": 0.00821443647146225, "LR": 0.000125, "O_valid_acc": 0.0, "PER_valid_acc": 0.9761534333229065, "LOC_valid_acc": 0.9786164164543152, "ORG_valid_acc": 0.9682039022445679, "_runtime": 91085, "_timestamp": 1632581227, "_step": 11}