{"epoch": 11, "train_loss": 0.2868686009978139, "train_acc": 0.07573327422142029, "valid_loss": 0.4643824333175909, "valid_acc": 0.011431165039539337, "LR": 0.000125, "B-ORG_valid_rec": 0.7571285367012024, "I-ORG_valid_rec": 0.8158222436904907, "B-EMPLOYMENT_valid_rec": 0.9448635578155518, "I-EMPLOYMENT_valid_rec": 0.9750328660011292, "B-EMPLOYMENT_valid_prec": 0.09149976074695587, "I-EMPLOYMENT_valid_prec": 0.011533648706972599, "_runtime": 381, "_timestamp": 1633649060, "_step": 11, "I-EMPLOYMENT_appended_data": 242}