{"epoch": 2, "train_loss": 0.8356728057761292, "train_acc": 0.05126597732305527, "valid_loss": 0.8233505293965514, "valid_acc": 0.008102928288280964, "LR": 0.0003, "B-EMPLOYMENT_valid_rec": 0.6141773462295532, "I-EMPLOYMENT_valid_rec": 0.45185548067092896, "B-EMPLOYMENT_valid_prec": 0.5389178395271301, "I-EMPLOYMENT_valid_prec": 0.34524422883987427, "_runtime": 288, "_timestamp": 1633363472, "_step": 2}