{"epoch": 2, "train_loss": -0.11411714205163652, "train_acc": 0.900928258895874, "valid_loss": 0.0548304753238652, "valid_acc": 0.9606274962425232, "LR": 0.001, "0_valid_rec": 0.9685235023498535, "1_valid_rec": 0.698035478591919, "0_valid_prec": 0.9911101460456848, "1_valid_prec": 0.38949787616729736, "_runtime": 1749, "_timestamp": 1645657083, "_step": 2}