{"epoch": 74, "train_loss": 0.10030330543069958, "train_acc": 0.970124363899231, "valid_loss": 0.1000196594385735, "valid_acc": 0.9653969407081604, "LR": 6.25e-05, "0_valid_rec": 0.9652707576751709, "1_valid_rec": 0.9819759726524353, "0_valid_prec": 0.9997338652610779, "1_valid_prec": 0.28730469942092896, "_runtime": 28804, "_timestamp": 1638232060, "_step": 74}