{"epoch": 8, "train_loss": 0.751110130951399, "train_acc": 0.009195537306368351, "valid_loss": 0.7469927450801955, "valid_acc": 0.0014221102464944124, "LR": 0.0001, "B-EMPLOYMENT_valid_rec": 0.67586749792099, "I-EMPLOYMENT_valid_rec": 0.6256983280181885, "B-EMPLOYMENT_valid_prec": 0.05353907495737076, "I-EMPLOYMENT_valid_prec": 0.006996938958764076, "_runtime": 1903, "_timestamp": 1633395813, "_step": 8, "B-EMPLOYMENT_appended_data": 35}