{"epoch": 118, "train_loss": -16.19529218143887, "train_acc": 0.4838576912879944, "valid_loss": -15.837952089664658, "valid_acc": 0.07575545459985733, "LR": 0.000125, "O_valid_rec": 0.8486162424087524, "GPE_valid_rec": 0.9508863091468811, "ORG_valid_rec": 0.9084151387214661, "EMPLOYMENT_valid_rec": 0.9760462641716003, "AGE_valid_rec": 0.9989832639694214, "PERSON_FAM_valid_rec": 0.9146624803543091, "O_valid_prec": 0.8811132311820984, "GPE_valid_prec": 0.06547252833843231, "ORG_valid_prec": 0.016002774238586426, "EMPLOYMENT_valid_prec": 0.014011549763381481, "AGE_valid_prec": 0.008839561603963375, "PERSON_FAM_valid_prec": 0.014560336247086525, "_runtime": 13621, "_timestamp": 1634584363, "_step": 118}