{"epoch": 1, "train_loss": 0.8656454674739957, "train_acc": 0.02853800728917122, "valid_loss": 0.8263296151346814, "valid_acc": 0.026639748364686966, "LR": 0.001, "O_valid_acc": 0.010653117671608925, "PER_valid_acc": 0.7224898934364319, "LOC_valid_acc": 0.5389443039894104, "ORG_valid_acc": 0.5461387038230896, "_runtime": 18446, "_timestamp": 1632342614, "_step": 1}