{"epoch": 42, "train_loss": -0.19374552164302708, "train_acc": 0.7315630316734314, "valid_loss": 3.4130894664940703, "valid_acc": 0.5319505333900452, "LR": 0.000125, "acting_valid_rec": 0.469613254070282, "arts_valid_rec": 0.4251815974712372, "author_valid_rec": 0.4057142734527588, "automotive_valid_rec": 0.6222826242446899, "beauty_valid_rec": 0.7445385456085205, "business_valid_rec": 0.3038397431373596, "children_valid_rec": 0.22340425848960876, "cinema_valid_rec": 0.5033556818962097, "comedy_valid_rec": 0.08510638028383255, "comicbooks_valid_rec": 0.5211267471313477, "diy_and_crafts_valid_rec": 0.4125412404537201, "education_valid_rec": 0.36705881357192993, "entrepreneur_valid_rec": 0.49966734647750854, "fashion_valid_rec": 0.6893633604049683, "fitness_valid_rec": 0.4123867154121399, "food_valid_rec": 0.6218434572219849, "gaming_valid_rec": 0.3055555522441864, "home_and_gardening_valid_rec": 0.2983606457710266, "lifestyle_valid_rec": 0.2773851454257965, "literature_valid_rec": 0.675146758556366, "marketing_valid_rec": 0.26582279801368713, "motivational_valid_rec": 0.1548387110233307, "music_valid_rec": 0.3467741906642914, "performance_arts_valid_rec": 0.3149350583553314, "pets_valid_rec": 0.32132965326309204, "photography_valid_rec": 0.6594827771186829, "running_valid_rec": 0.5287356376647949, "science_valid_rec": 0.626334547996521, "spirituality_valid_rec": 0.4945848286151886, "sports_valid_rec": 0.4462365508079529, "tattoos_valid_rec": 0.5437787771224976, "technology_valid_rec": 0.3027026951313019, "travel_valid_rec": 0.3976608216762543, "vegan_valid_rec": 0.25853657722473145, "video_games_valid_rec": 0.18691588938236237, "wedding_valid_rec": 0.3567134141921997, "yoga_valid_rec": 0.20241691172122955, "acting_valid_prec": 0.23160763084888458, "arts_valid_prec": 0.44343435764312744, "author_valid_prec": 0.11973018199205399, "automotive_valid_prec": 0.32539963722229004, "beauty_valid_prec": 0.9221006035804749, "business_valid_prec": 0.7878788113594055, "children_valid_prec": 0.6821345686912537, "cinema_valid_prec": 0.34562212228775024, "comedy_valid_prec": 0.043478261679410934, "comicbooks_valid_prec": 0.24183006584644318, "diy_and_crafts_valid_prec": 0.623196005821228, "education_valid_prec": 0.1978440135717392, "entrepreneur_valid_prec": 0.48141026496887207, "fashion_valid_prec": 0.7814344763755798, "fitness_valid_prec": 0.250229150056839, "food_valid_prec": 0.6125621795654297, "gaming_valid_prec": 0.14128440618515015, "home_and_gardening_valid_prec": 0.24594594538211823, "lifestyle_valid_prec": 0.09721362590789795, "literature_valid_prec": 0.2651806175708771, "marketing_valid_prec": 0.17213115096092224, "motivational_valid_prec": 0.06896551698446274, "music_valid_prec": 0.06588355451822281, "performance_arts_valid_prec": 0.16609589755535126, "pets_valid_prec": 0.24141518771648407, "photography_valid_prec": 0.19844357669353485, "running_valid_prec": 0.2262295037508011, "science_valid_prec": 0.4559585452079773, "spirituality_valid_prec": 0.17297980189323425, "sports_valid_prec": 0.3734533190727234, "tattoos_valid_prec": 0.4140350818634033, "technology_valid_prec": 0.16045844554901123, "travel_valid_prec": 0.22240392863750458, "vegan_valid_prec": 0.09760589152574539, "video_games_valid_prec": 0.1599999964237213, "wedding_valid_prec": 0.18034447729587555, "yoga_valid_prec": 0.13687436282634735, "_runtime": 46088, "_timestamp": 1642586277, "_step": 42}