{"epoch": 65, "train_loss": 0.8073986812479912, "train_acc": 0.46280696988105774, "valid_loss": 0.8466080713360836, "valid_acc": 0.06802557408809662, "LR": 0.0005, "O_valid_rec": 0.7516818642616272, "PERSON_valid_rec": 0.7990275025367737, "GPE_valid_rec": 0.9269823431968689, "ORG_valid_rec": 0.8938153982162476, "EMPLOYMENT_valid_rec": 0.9850985407829285, "AGE_valid_rec": 0.9971668124198914, "PERSON_FAM_valid_rec": 0.8553274869918823, "O_valid_prec": 0.8360903859138489, "PERSON_valid_prec": 0.04316985607147217, "GPE_valid_prec": 0.07087404280900955, "ORG_valid_prec": 0.01750394143164158, "EMPLOYMENT_valid_prec": 0.01574842631816864, "AGE_valid_prec": 0.009795038029551506, "PERSON_FAM_valid_prec": 0.006818343885242939, "_runtime": 7681, "_timestamp": 1634261527, "_step": 65}