{"epoch": 12, "train_loss": 0.06434591787346666, "train_acc": 10.15658187866211, "valid_loss": 0.05735531218086937, "valid_acc": 1.5907198190689087, "LR": 0.002, "O_valid_rec": 0.9774951338768005, "PER_valid_rec": 0.9901244640350342, "LOC_valid_rec": 0.9773280620574951, "ORG_valid_rec": 0.9865344762802124, "_runtime": 52427, "_timestamp": 1634136323, "_step": 12, "_wandb": {"runtime": 52429}}