{"epoch": 52, "train_loss": -3.333228610795977, "train_acc": 0.9235861897468567, "valid_loss": -3.3958837430265345, "valid_acc": 0.9180929064750671, "LR": 0.000125, "0_valid_rec": 0.9225671887397766, "1_valid_rec": 0.7457305788993835, "0_valid_prec": 0.9939832091331482, "1_valid_prec": 0.17458906769752502, "_runtime": 8745, "_timestamp": 1636580307, "_step": 52, "_wandb": {"runtime": 8835}}