{"epoch": 38, "train_loss": 0.7130945291283519, "train_acc": 0.646325409412384, "valid_loss": 1.8788054845104036, "valid_acc": 0.6132946014404297, "LR": 0.0005, "acting_valid_rec": 0.5482093691825867, "arts_valid_rec": 0.48696911334991455, "author_valid_rec": 0.6399999856948853, "automotive_valid_rec": 0.6650815010070801, "beauty_valid_rec": 0.776598334312439, "business_valid_rec": 0.5909850001335144, "children_valid_rec": 0.2988607585430145, "cinema_valid_rec": 0.6733333468437195, "comedy_valid_rec": 0.5850340127944946, "comicbooks_valid_rec": 0.4000000059604645, "diy_and_crafts_valid_rec": 0.5890934467315674, "education_valid_rec": 0.4000000059604645, "entrepreneur_valid_rec": 0.5651595592498779, "fashion_valid_rec": 0.7396511435508728, "fitness_valid_rec": 0.5407854914665222, "food_valid_rec": 0.7091482877731323, "gaming_valid_rec": 0.3968254029750824, "home_and_gardening_valid_rec": 0.5442622900009155, "lifestyle_valid_rec": 0.2826855182647705, "literature_valid_rec": 0.7286821603775024, "marketing_valid_rec": 0.5316455960273743, "motivational_valid_rec": 0.3096774220466614, "music_valid_rec": 0.3844085931777954, "performance_arts_valid_rec": 0.4220779240131378, "pets_valid_rec": 0.5311203598976135, "photography_valid_rec": 0.9437229633331299, "running_valid_rec": 0.6436781883239746, "science_valid_rec": 0.7508896589279175, "spirituality_valid_rec": 0.6317689418792725, "sports_valid_rec": 0.625, "tattoos_valid_rec": 0.6774193644523621, "technology_valid_rec": 0.5243242979049683, "travel_valid_rec": 0.5336257219314575, "vegan_valid_rec": 0.3951219618320465, "video_games_valid_rec": 0.3177570104598999, "wedding_valid_rec": 0.6272544860839844, "yoga_valid_rec": 0.3328380286693573, "acting_valid_prec": 0.3001508414745331, "arts_valid_prec": 0.5009930729866028, "author_valid_prec": 0.19478261470794678, "automotive_valid_prec": 0.5503091812133789, "beauty_valid_prec": 0.9484450817108154, "business_valid_prec": 0.7009900808334351, "children_valid_prec": 0.7658125162124634, "cinema_valid_prec": 0.3458904027938843, "comedy_valid_prec": 0.5931034684181213, "comicbooks_valid_prec": 0.22857142984867096, "diy_and_crafts_valid_prec": 0.6685060858726501, "education_valid_prec": 0.2490842491388321, "entrepreneur_valid_prec": 0.5766621232032776, "fashion_valid_prec": 0.818378210067749, "fitness_valid_prec": 0.3527093529701233, "food_valid_prec": 0.6408209800720215, "gaming_valid_prec": 0.17094017565250397, "home_and_gardening_valid_prec": 0.238163560628891, "lifestyle_valid_prec": 0.1138790026307106, "literature_valid_prec": 0.47594937682151794, "marketing_valid_prec": 0.18340611457824707, "motivational_valid_prec": 0.09430255740880966, "music_valid_prec": 0.19015957415103912, "performance_arts_valid_prec": 0.21346469223499298, "pets_valid_prec": 0.358878493309021, "photography_valid_prec": 0.5604113340377808, "running_valid_prec": 0.33070865273475647, "science_valid_prec": 0.4129158556461334, "spirituality_valid_prec": 0.27301090955734253, "sports_valid_prec": 0.4374412000179291, "tattoos_valid_prec": 0.31012657284736633, "technology_valid_prec": 0.2526041567325592, "travel_valid_prec": 0.3469581604003906, "vegan_valid_prec": 0.16910229623317719, "video_games_valid_prec": 0.17989417910575867, "wedding_valid_prec": 0.23911382257938385, "yoga_valid_prec": 0.2209073007106781, "_runtime": 40709, "_timestamp": 1640168238, "_step": 38}