{"epoch": 16, "train_loss": -7.3122391180386614, "train_acc": 0.48131757974624634, "valid_loss": -7.301284072712693, "valid_acc": 0.07542847096920013, "LR": 0.001, "O_valid_rec": 0.8457039594650269, "GPE_valid_rec": 0.9329133033752441, "ORG_valid_rec": 0.8932077288627625, "EMPLOYMENT_valid_rec": 0.9684562087059021, "AGE_valid_rec": 0.9932218790054321, "PERSON_FAM_valid_rec": 0.9380847811698914, "O_valid_prec": 0.8818959593772888, "GPE_valid_prec": 0.06451347470283508, "ORG_valid_prec": 0.01580309122800827, "EMPLOYMENT_valid_prec": 0.013962860219180584, "AGE_valid_prec": 0.008826680481433868, "PERSON_FAM_valid_prec": 0.014997926540672779, "elr_loss_train": -0.00047142853757591973, "elr_loss_valid": -0.00047772193945587265, "_runtime": 1994, "_timestamp": 1634652134, "_step": 16}