{"epoch": 171, "train_loss": 0.05452012456907283, "train_acc": 0.9836612343788147, "valid_loss": 0.052348148023962864, "valid_acc": 0.9869025349617004, "LR": 1e-05, "0_valid_rec": 0.9870440363883972, "1_valid_rec": 0.9927361011505127, "0_valid_prec": 0.999904453754425, "1_valid_prec": 0.4987834692001343, "_runtime": 37732, "_timestamp": 1636933165, "_step": 171}