{"epoch": 19, "train_loss": 0.05182604791346493, "train_acc": 0.9870235323905945, "valid_loss": 0.0466725187075011, "valid_acc": 0.9865310192108154, "LR": 0.0005, "0_valid_rec": 0.9867546558380127, "1_valid_rec": 0.9486231207847595, "0_valid_prec": 0.9997113347053528, "1_valid_prec": 0.2842714488506317, "_runtime": 88940, "_timestamp": 1642435087, "_step": 19}