{"epoch": 99, "train_loss": -11.57388462906792, "train_acc": 0.48776260018348694, "valid_loss": -11.397310907136713, "valid_acc": 0.07634241133928299, "LR": 1e-05, "O_valid_rec": 0.8569170236587524, "GPE_valid_rec": 0.9408690333366394, "ORG_valid_rec": 0.9074504971504211, "EMPLOYMENT_valid_rec": 0.9399763345718384, "AGE_valid_rec": 0.9909625053405762, "PERSON_FAM_valid_rec": 0.9413501024246216, "O_valid_prec": 0.8828912377357483, "GPE_valid_prec": 0.06428471952676773, "ORG_valid_prec": 0.015862876549363136, "EMPLOYMENT_valid_prec": 0.013390005566179752, "AGE_valid_prec": 0.008701172657310963, "PERSON_FAM_valid_prec": 0.01486995816230774, "elr_loss_train": -0.0007295263875719337, "elr_loss_valid": -0.0007341671735770474, "_runtime": 11447, "_timestamp": 1634789117, "_step": 99, "_wandb": {"runtime": 11448}}