{"epoch": 3, "train_loss": 0.837695511209937, "train_acc": 0.029663940891623497, "valid_loss": 0.838475890208193, "valid_acc": 0.00458954181522131, "LR": 0.0003, "B-EMPLOYMENT_valid_rec": 0.5629972219467163, "I-EMPLOYMENT_valid_rec": 0.46597957611083984, "B-EMPLOYMENT_valid_prec": 0.43560656905174255, "I-EMPLOYMENT_valid_prec": 0.30982017517089844, "_runtime": 381, "_timestamp": 1633363926, "_step": 3}