{"epoch": 0, "train_loss": -25.091139148861643, "train_acc": 0.4733383357524872, "valid_loss": -32.59187903297746, "valid_acc": 0.0776306614279747, "LR": 0.0005, "O_valid_rec": 0.9620910286903381, "GPE_valid_rec": 0.09869194775819778, "ORG_valid_rec": 0.3864835798740387, "EMPLOYMENT_valid_rec": 0.03586101159453392, "AGE_valid_rec": 0.984410285949707, "PERSON_FAM_valid_rec": 0.18788069486618042, "O_valid_prec": 0.9748037457466125, "GPE_valid_prec": 0.006631211843341589, "ORG_valid_prec": 0.006643892731517553, "EMPLOYMENT_valid_prec": 0.0005023645353503525, "AGE_valid_prec": 0.008500202558934689, "PERSON_FAM_valid_prec": 0.0029185914900153875, "elr_loss_train": -0.0017707739378036219, "elr_loss_valid": -0.0021930352551284855, "_runtime": 160, "_timestamp": 1634605346, "_step": 0, "_wandb": {"runtime": 258}}