{"epoch": 46, "train_loss": 0.4139100175504413, "train_acc": 0.6659759283065796, "valid_loss": 2.108678551117147, "valid_acc": 0.6085419058799744, "LR": 0.000125, "acting_valid_rec": 0.5454545617103577, "arts_valid_rec": 0.485230028629303, "author_valid_rec": 0.5314285755157471, "automotive_valid_rec": 0.69089674949646, "beauty_valid_rec": 0.8099036812782288, "business_valid_rec": 0.5542570948600769, "children_valid_rec": 0.2885540723800659, "cinema_valid_rec": 0.6342281699180603, "comedy_valid_rec": 0.0401785708963871, "comicbooks_valid_rec": 0.5070422291755676, "diy_and_crafts_valid_rec": 0.5240576863288879, "education_valid_rec": 0.40470588207244873, "entrepreneur_valid_rec": 0.5159574747085571, "fashion_valid_rec": 0.7450852990150452, "fitness_valid_rec": 0.4622356593608856, "food_valid_rec": 0.6397476196289062, "gaming_valid_rec": 0.3769841194152832, "home_and_gardening_valid_rec": 0.5311475396156311, "lifestyle_valid_rec": 0.2862190902233124, "literature_valid_rec": 0.7037037014961243, "marketing_valid_rec": 0.6329113841056824, "motivational_valid_rec": 0.3354838788509369, "music_valid_rec": 0.40591397881507874, "performance_arts_valid_rec": 0.4220779240131378, "pets_valid_rec": 0.4944598376750946, "photography_valid_rec": 0.939393937587738, "running_valid_rec": 0.6245210766792297, "science_valid_rec": 0.7473309636116028, "spirituality_valid_rec": 0.6823104619979858, "sports_valid_rec": 0.6344085931777954, "tattoos_valid_rec": 0.5898617506027222, "technology_valid_rec": 0.4648648500442505, "travel_valid_rec": 0.5599415302276611, "vegan_valid_rec": 0.4878048896789551, "video_games_valid_rec": 0.35514017939567566, "wedding_valid_rec": 0.625250518321991, "yoga_valid_rec": 0.30163446068763733, "acting_valid_prec": 0.21451787650585175, "arts_valid_prec": 0.5520660877227783, "author_valid_prec": 0.13880597054958344, "automotive_valid_prec": 0.5072318911552429, "beauty_valid_prec": 0.9458258748054504, "business_valid_prec": 0.6613546013832092, "children_valid_prec": 0.7741168737411499, "cinema_valid_prec": 0.4117647111415863, "comedy_valid_prec": 0.03688524663448334, "comicbooks_valid_prec": 0.3272727131843567, "diy_and_crafts_valid_prec": 0.6875569820404053, "education_valid_prec": 0.2318059355020523, "entrepreneur_valid_prec": 0.5236167311668396, "fashion_valid_prec": 0.8373079895973206, "fitness_valid_prec": 0.37546011805534363, "food_valid_prec": 0.6750998497009277, "gaming_valid_prec": 0.16101695597171783, "home_and_gardening_valid_prec": 0.30055660009384155, "lifestyle_valid_prec": 0.08202531933784485, "literature_valid_prec": 0.5006935000419617, "marketing_valid_prec": 0.18315018713474274, "motivational_valid_prec": 0.08981001377105713, "music_valid_prec": 0.1413857638835907, "performance_arts_valid_prec": 0.22336769104003906, "pets_valid_prec": 0.38181817531585693, "photography_valid_prec": 0.47587719559669495, "running_valid_prec": 0.3134615421295166, "science_valid_prec": 0.41999998688697815, "spirituality_valid_prec": 0.265077143907547, "sports_valid_prec": 0.5198237895965576, "tattoos_valid_prec": 0.39263802766799927, "technology_valid_prec": 0.17916665971279144, "travel_valid_prec": 0.3552875816822052, "vegan_valid_prec": 0.19607843458652496, "video_games_valid_prec": 0.1576763540506363, "wedding_valid_prec": 0.29885056614875793, "yoga_valid_prec": 0.21014492213726044, "_runtime": 49619, "_timestamp": 1640679453, "_step": 46, "_wandb": {"runtime": 49899}}