{"epoch": 37, "train_loss": -11.625976679817079, "train_acc": 0.4121685028076172, "valid_loss": -11.807047399634463, "valid_acc": 0.059110503643751144, "LR": 0.001, "O_valid_rec": 0.6386533975601196, "GPE_valid_rec": 0.9265109300613403, "ORG_valid_rec": 0.8900300860404968, "EMPLOYMENT_valid_rec": 0.9777870774269104, "AGE_valid_rec": 0.9989832639694214, "PERSON_FAM_valid_rec": 0.9310517907142639, "O_valid_prec": 0.8498355150222778, "GPE_valid_prec": 0.08175801485776901, "ORG_valid_prec": 0.020093929022550583, "EMPLOYMENT_valid_prec": 0.01798909530043602, "AGE_valid_prec": 0.011328697204589844, "PERSON_FAM_valid_prec": 0.018994752317667007, "_runtime": 4364, "_timestamp": 1634563178, "_step": 37}