{"epoch": 199, "train_loss": 0.5842863117655119, "train_acc": 0.8312872052192688, "valid_loss": 1.8952372848605643, "valid_acc": 0.6422548294067383, "LR": 1e-05, "acting_valid_rec": 0.7438016533851624, "arts_valid_rec": 0.6204732060432434, "author_valid_rec": 0.7428571581840515, "automotive_valid_rec": 0.617527186870575, "beauty_valid_rec": 0.5661778450012207, "business_valid_rec": 0.02678571455180645, "children_valid_rec": 0.5144991874694824, "cinema_valid_rec": 0.54666668176651, "comedy_valid_rec": 0.25, "comicbooks_valid_rec": 0.7234042286872864, "diy_and_crafts_valid_rec": 0.9244529604911804, "education_valid_rec": 0.5377358198165894, "entrepreneur_valid_rec": 0.427526593208313, "fashion_valid_rec": 0.7056756019592285, "fitness_valid_rec": 0.6404833793640137, "food_valid_rec": 0.8353312015533447, "gaming_valid_rec": 0.6944444179534912, "home_and_gardening_valid_rec": 0.7672131061553955, "lifestyle_valid_rec": 0.7561837434768677, "literature_valid_rec": 0.6686046719551086, "marketing_valid_rec": 0.4196428656578064, "motivational_valid_rec": 0.57419353723526, "music_valid_rec": 0.5561643838882446, "performance_arts_valid_rec": 0.5486486554145813, "pets_valid_rec": 0.8421052694320679, "photography_valid_rec": 0.8311688303947449, "running_valid_rec": 0.7969348430633545, "science_valid_rec": 0.0, "spirituality_valid_rec": 0.20938627421855927, "sports_valid_rec": 0.6742933988571167, "tattoos_valid_rec": 0.9585253596305847, "technology_valid_rec": 0.7189189195632935, "travel_valid_rec": 0.7236841917037964, "vegan_valid_rec": 0.720588207244873, "video_games_valid_rec": 0.9266055226325989, "wedding_valid_rec": 0.7755510807037354, "yoga_valid_rec": 0.7279999852180481, "acting_valid_prec": 0.704960823059082, "arts_valid_prec": 0.9251260161399841, "author_valid_prec": 0.14364640414714813, "automotive_valid_prec": 0.7581318020820618, "beauty_valid_prec": 0.9953613877296448, "business_valid_prec": 0.0004271070647519082, "children_valid_prec": 0.987123429775238, "cinema_valid_prec": 0.5920577645301819, "comedy_valid_prec": 0.0028818442951887846, "comicbooks_valid_prec": 0.036996737122535706, "diy_and_crafts_valid_prec": 0.9811981320381165, "education_valid_prec": 0.7755101919174194, "entrepreneur_valid_prec": 0.9400584697723389, "fashion_valid_prec": 0.9824211597442627, "fitness_valid_prec": 0.8446215391159058, "food_valid_prec": 0.9525179862976074, "gaming_valid_prec": 0.6118881106376648, "home_and_gardening_valid_prec": 0.8327401876449585, "lifestyle_valid_prec": 0.8646464943885803, "literature_valid_prec": 0.41919806599617004, "marketing_valid_prec": 0.22926829755306244, "motivational_valid_prec": 0.4890109896659851, "music_valid_prec": 0.7048611044883728, "performance_arts_valid_prec": 0.7898832559585571, "pets_valid_prec": 0.9156626462936401, "photography_valid_prec": 0.05657041817903519, "running_valid_prec": 0.3611111044883728, "science_valid_prec": 0.0, "spirituality_valid_prec": 0.10051993280649185, "sports_valid_prec": 0.8213114738464355, "tattoos_valid_prec": 0.8927038908004761, "technology_valid_prec": 0.38218390941619873, "travel_valid_prec": 0.8505154848098755, "vegan_valid_prec": 0.7101449370384216, "video_games_valid_prec": 0.7593985199928284, "wedding_valid_prec": 0.91923987865448, "yoga_valid_prec": 0.8834951519966125, "_runtime": 80296, "_timestamp": 1639302238, "_step": 172, "_wandb": {"runtime": 80297}}