{"epoch": 25, "train_loss": 0.5579197959223271, "train_acc": 0.6902544498443604, "valid_loss": 2.8618590945848696, "valid_acc": 0.5314457416534424, "LR": 0.00025, "acting_valid_rec": 0.5179063081741333, "arts_valid_rec": 0.47175276279449463, "author_valid_rec": 0.4761904776096344, "automotive_valid_rec": 0.686141312122345, "beauty_valid_rec": 0.6790207028388977, "business_valid_rec": 0.37228715419769287, "children_valid_rec": 0.23869824409484863, "cinema_valid_rec": 0.5799999833106995, "comedy_valid_rec": 0.7785235047340393, "comicbooks_valid_rec": 0.4749999940395355, "diy_and_crafts_valid_rec": 0.477770060300827, "education_valid_rec": 0.3667452931404114, "entrepreneur_valid_rec": 0.5365691781044006, "fashion_valid_rec": 0.6605050563812256, "fitness_valid_rec": 0.4033232629299164, "food_valid_rec": 0.6460567712783813, "gaming_valid_rec": 0.3531745970249176, "home_and_gardening_valid_rec": 0.3573770523071289, "lifestyle_valid_rec": 0.31448763608932495, "literature_valid_rec": 0.7015503644943237, "marketing_valid_rec": 0.3670886158943176, "motivational_valid_rec": 0.20645160973072052, "music_valid_rec": 0.3643835484981537, "performance_arts_valid_rec": 0.3702702820301056, "pets_valid_rec": 0.3822714686393738, "photography_valid_rec": 0.9220778942108154, "running_valid_rec": 0.5785440802574158, "science_valid_rec": 0.16949152946472168, "spirituality_valid_rec": 0.5379061102867126, "sports_valid_rec": 0.5329744219779968, "tattoos_valid_rec": 0.6267281174659729, "technology_valid_rec": 0.4486486613750458, "travel_valid_rec": 0.4108187258243561, "vegan_valid_rec": 0.2549019753932953, "video_games_valid_rec": 0.23364485800266266, "wedding_valid_rec": 0.44488978385925293, "yoga_valid_rec": 0.2407132238149643, "acting_valid_prec": 0.16362054646015167, "arts_valid_prec": 0.44898897409439087, "author_valid_prec": 0.10080645233392715, "automotive_valid_prec": 0.335994690656662, "beauty_valid_prec": 0.9422683715820312, "business_valid_prec": 0.8109090924263, "children_valid_prec": 0.6912357807159424, "cinema_valid_prec": 0.3140794336795807, "comedy_valid_prec": 0.4444444477558136, "comicbooks_valid_prec": 0.18627451360225677, "diy_and_crafts_valid_prec": 0.6369529962539673, "education_valid_prec": 0.18533968925476074, "entrepreneur_valid_prec": 0.4941824972629547, "fashion_valid_prec": 0.791946291923523, "fitness_valid_prec": 0.2867884039878845, "food_valid_prec": 0.6224923729896545, "gaming_valid_prec": 0.1360856294631958, "home_and_gardening_valid_prec": 0.24829156696796417, "lifestyle_valid_prec": 0.0737365335226059, "literature_valid_prec": 0.41371428966522217, "marketing_valid_prec": 0.23770491778850555, "motivational_valid_prec": 0.07748184353113174, "music_valid_prec": 0.10682731121778488, "performance_arts_valid_prec": 0.17319847643375397, "pets_valid_prec": 0.23370026051998138, "photography_valid_prec": 0.22118380665779114, "running_valid_prec": 0.23520249128341675, "science_valid_prec": 0.5660377144813538, "spirituality_valid_prec": 0.24346405267715454, "sports_valid_prec": 0.375, "tattoos_valid_prec": 0.31192660331726074, "technology_valid_prec": 0.20145630836486816, "travel_valid_prec": 0.3061002194881439, "vegan_valid_prec": 0.1072164922952652, "video_games_valid_prec": 0.11627907305955887, "wedding_valid_prec": 0.2410423457622528, "yoga_valid_prec": 0.16701030731201172, "_runtime": 27980, "_timestamp": 1640043024, "_step": 25}