{"epoch": 1, "train_loss": 0.5428340461045976, "train_acc": 0.0565289743244648, "valid_loss": 0.4976376355359927, "valid_acc": 0.008876298554241657, "LR": 0.001, "O_valid_rec": 0.000282229739241302, "PERSON_valid_rec": 0.752771258354187, "GPE_valid_rec": 0.8824291825294495, "ORG_valid_rec": 0.8954638242721558, "EMPLOYMENT_valid_rec": 0.0, "AGE_valid_rec": 0.0, "PERSON_FAM_valid_rec": 0.5640273690223694, "O_valid_prec": 0.002405814826488495, "PERSON_valid_prec": 0.3116895258426666, "GPE_valid_prec": 0.5170539617538452, "ORG_valid_prec": 0.13439291715621948, "EMPLOYMENT_valid_prec": 0.0, "AGE_valid_prec": 0.0, "PERSON_FAM_valid_prec": 0.03445775434374809, "_runtime": 275, "_timestamp": 1634211178, "_step": 1}