{"epoch": 84, "train_loss": 0.3195143284011276, "train_acc": 0.07588476687669754, "valid_loss": 0.448215467565228, "valid_acc": 0.011503216810524464, "LR": 0.000125, "B-ORG_valid_rec": 0.7557945847511292, "I-ORG_valid_rec": 0.8245333433151245, "B-EMPLOYMENT_valid_rec": 0.9429373741149902, "I-EMPLOYMENT_valid_rec": 0.9770039319992065, "B-EMPLOYMENT_valid_prec": 0.09074128419160843, "I-EMPLOYMENT_valid_prec": 0.011484576389193535, "_runtime": 6344, "_timestamp": 1633621451, "_step": 84, "_wandb": {"runtime": 6396}}