{"epoch": 54, "train_loss": -0.9710250903954317, "train_acc": 0.41581985354423523, "valid_loss": 1.2118364385202345, "valid_acc": 0.33474141359329224, "LR": 0.0005, "acting_valid_rec": 0.5013774037361145, "arts_valid_rec": 0.43119266629219055, "author_valid_rec": 0.48571428656578064, "automotive_valid_rec": 0.6399456262588501, "beauty_valid_rec": 0.0001840829645516351, "business_valid_rec": 0.25375625491142273, "children_valid_rec": 0.22692161798477173, "cinema_valid_rec": 0.54666668176651, "comedy_valid_rec": 0.7382550239562988, "comicbooks_valid_rec": 0.375, "diy_and_crafts_valid_rec": 0.5229246020317078, "education_valid_rec": 0.31603774428367615, "entrepreneur_valid_rec": 0.4793882966041565, "fashion_valid_rec": 0.7637333869934082, "fitness_valid_rec": 0.365558922290802, "food_valid_rec": 0.5943217873573303, "gaming_valid_rec": 0.341269850730896, "home_and_gardening_valid_rec": 0.39016392827033997, "lifestyle_valid_rec": 0.2579505443572998, "literature_valid_rec": 0.6957364082336426, "marketing_valid_rec": 0.39240506291389465, "motivational_valid_rec": 0.21290323138237, "music_valid_rec": 0.4547945261001587, "performance_arts_valid_rec": 0.3405405282974243, "pets_valid_rec": 0.2977839410305023, "photography_valid_rec": 0.9653679728507996, "running_valid_rec": 0.532567024230957, "science_valid_rec": 0.02259887009859085, "spirituality_valid_rec": 0.4368230998516083, "sports_valid_rec": 0.48586809635162354, "tattoos_valid_rec": 0.6866359710693359, "technology_valid_rec": 0.4378378391265869, "travel_valid_rec": 0.4093567132949829, "vegan_valid_rec": 0.3578431308269501, "video_games_valid_rec": 0.20560747385025024, "wedding_valid_rec": 0.4488978087902069, "yoga_valid_rec": 0.10549777001142502, "acting_valid_prec": 0.21187427639961243, "arts_valid_prec": 0.5495384335517883, "author_valid_prec": 0.07680723071098328, "automotive_valid_prec": 0.34044089913368225, "beauty_valid_prec": 0.5, "business_valid_prec": 0.6359832882881165, "children_valid_prec": 0.7883853912353516, "cinema_valid_prec": 0.3459915518760681, "comedy_valid_prec": 0.34161490201950073, "comicbooks_valid_prec": 0.03333333507180214, "diy_and_crafts_valid_prec": 0.6340281963348389, "education_valid_prec": 0.19676946103572845, "entrepreneur_valid_prec": 0.5441509485244751, "fashion_valid_prec": 0.32074129581451416, "fitness_valid_prec": 0.34375, "food_valid_prec": 0.7109434008598328, "gaming_valid_prec": 0.10213776677846909, "home_and_gardening_valid_prec": 0.17073170840740204, "lifestyle_valid_prec": 0.05466117709875107, "literature_valid_prec": 0.41169723868370056, "marketing_valid_prec": 0.1614583283662796, "motivational_valid_prec": 0.06804123520851135, "music_valid_prec": 0.09747504442930222, "performance_arts_valid_prec": 0.30882352590560913, "pets_valid_prec": 0.24543379247188568, "photography_valid_prec": 0.371048241853714, "running_valid_prec": 0.15831434726715088, "science_valid_prec": 0.800000011920929, "spirituality_valid_prec": 0.2208029180765152, "sports_valid_prec": 0.5013889074325562, "tattoos_valid_prec": 0.09953239560127258, "technology_valid_prec": 0.11929307878017426, "travel_valid_prec": 0.36505866050720215, "vegan_valid_prec": 0.09838274866342545, "video_games_valid_prec": 0.06451612710952759, "wedding_valid_prec": 0.292428195476532, "yoga_valid_prec": 0.0594639852643013, "_runtime": 59522, "_timestamp": 1639942083, "_step": 54, "_wandb": {"runtime": 59657}}