{"epoch": 60, "train_loss": 0.12974125907554493, "train_acc": 0.47474154829978943, "valid_loss": 0.35595729912385843, "valid_acc": 0.07021566480398178, "LR": 1e-05, "O_valid_rec": 0.7315882444381714, "PERSON_valid_rec": 0.8995699286460876, "GPE_valid_rec": 0.9370553493499756, "ORG_valid_rec": 0.8949997425079346, "EMPLOYMENT_valid_rec": 0.9962093830108643, "_runtime": 7065, "_timestamp": 1634061600, "_step": 60, "EMPLOYMENT_appended_data": 62522, "_wandb": {"runtime": 7126}}