{"epoch": 29, "train_loss": 0.06944382247148138, "train_acc": 0.012732019647955894, "valid_loss": 0.6296674347736126, "valid_acc": 0.0016441290499642491, "LR": 6.25e-05, "B-ORG_valid_rec": 0.7653111219406128, "I-ORG_valid_rec": 0.6599749326705933, "B-EMPLOYMENT_valid_rec": 0.988959014415741, "I-EMPLOYMENT_valid_rec": 0.9888268113136292, "B-EMPLOYMENT_valid_prec": 0.06776180863380432, "I-EMPLOYMENT_valid_prec": 0.009564465843141079, "_runtime": 3098, "_timestamp": 1633564915, "_step": 29, "B-EMPLOYMENT_appended_data": 635, "I-EMPLOYMENT_appended_data": 601, "_wandb": {"runtime": 3100}}