{"epoch": 7, "train_loss": -0.8504723338399536, "train_acc": 0.9574387073516846, "valid_loss": -0.9312050996975756, "valid_acc": 0.9683336019515991, "LR": 0.001, "0_valid_rec": 0.9698565006256104, "1_valid_rec": 0.9021002650260925, "0_valid_prec": 0.9978139996528625, "1_valid_prec": 0.39376017451286316, "_runtime": 4164, "_timestamp": 1642027702, "_step": 7}