{"epoch": 3, "train_loss": 0.3246222299302809, "train_acc": 0.8075531721115112, "valid_loss": 0.5600147378453033, "valid_acc": 0.09955868870019913, "LR": 0.001, "0_valid_rec": 0.6277700662612915, "1_valid_rec": 0.9177643060684204, "0_valid_prec": 0.9527007341384888, "1_valid_prec": 0.047299280762672424, "_runtime": 6619, "_timestamp": 1636480772, "_step": 3}