{"epoch": 71, "train_loss": 0.2951049201694124, "train_acc": 0.07694826275110245, "valid_loss": 0.42176024457426226, "valid_acc": 0.01168863195925951, "LR": 6.25e-05, "O_valid_rec": 1.4796552932239138e-05, "B-PERSON_valid_rec": 0.7872942686080933, "I-PERSON_valid_rec": 0.8874399662017822, "B-GPE_valid_rec": 0.8010475635528564, "I-GPE_valid_rec": 0.9315789341926575, "B-ORG_valid_rec": 0.7963148355484009, "I-ORG_valid_rec": 0.8497777581214905, "B-EMPLOYMENT_valid_rec": 0.9243980646133423, "I-EMPLOYMENT_valid_rec": 0.947437584400177, "_runtime": 4423, "_timestamp": 1633972335, "_step": 71, "_wandb": {"runtime": 4474}}