{"epoch": 59, "train_loss": 0.038695840129463616, "train_acc": 0.9841312766075134, "valid_loss": 0.05374431842120081, "valid_acc": 0.984086275100708, "LR": 0.000125, "0_valid_rec": 0.984914243221283, "1_valid_rec": 0.9724770784378052, "0_valid_prec": 0.999842643737793, "1_valid_prec": 0.26633167266845703, "_runtime": 7840, "_timestamp": 1636639151, "_step": 59, "_wandb": {"runtime": 7842}}