{"epoch": 14, "train_loss": -0.6254679113353804, "train_acc": 0.9524337649345398, "valid_loss": -0.7994919127830192, "valid_acc": 0.9452612996101379, "LR": 0.0005, "0_valid_rec": 0.9460003972053528, "1_valid_rec": 0.8341948390007019, "0_valid_prec": 0.9988983273506165, "1_valid_prec": 0.0885942280292511, "_runtime": 21662, "_timestamp": 1642103952, "_step": 14}