{"epoch": 5, "train_loss": 0.3250062156008396, "train_acc": 0.0016297382535412908, "valid_loss": 0.33191479548027003, "valid_acc": 0.0002489381586201489, "LR": 0.0002, "B-EMPLOYMENT_valid_rec": 0.9431818127632141, "I-EMPLOYMENT_valid_rec": 0.9285714030265808, "B-EMPLOYMENT_valid_prec": 0.35546037554740906, "I-EMPLOYMENT_valid_prec": 0.0463954322040081, "_runtime": 603, "_timestamp": 1633446733, "_step": 5, "B-EMPLOYMENT_appended_data": 5244, "I-EMPLOYMENT_appended_data": 40}