{"epoch": 11, "train_loss": 0.16896170902224408, "train_acc": 0.0019391822861507535, "valid_loss": 0.2766329572959942, "valid_acc": 0.0002559567510616034, "LR": 0.0002, "B-ORG_valid_rec": 0.9000653028488159, "I-ORG_valid_rec": 0.6220183372497559, "B-EMPLOYMENT_valid_rec": 0.9725378751754761, "I-EMPLOYMENT_valid_rec": 0.9785714149475098, "B-EMPLOYMENT_valid_prec": 0.356473445892334, "I-EMPLOYMENT_valid_prec": 0.0475529320538044, "_runtime": 1252, "_timestamp": 1633450575, "_step": 11, "B-EMPLOYMENT_appended_data": 1343, "I-EMPLOYMENT_appended_data": 135}