{"epoch": 3, "train_loss": 0.19535778059159178, "train_acc": 1.1192963123321533, "valid_loss": 0.16498564598713578, "valid_acc": 0.17691709101200104, "LR": 0.001, "O_valid_rec": 1.1478502592865425e-08, "B-PER_valid_rec": 0.937542736530304, "I-PER_valid_rec": 0.9900345206260681, "B-LOC_valid_rec": 0.9323670864105225, "I-LOC_valid_rec": 0.9066218137741089, "B-ORG_valid_rec": 0.919396698474884, "I-ORG_valid_rec": 0.972014307975769, "_runtime": 11626, "_timestamp": 1633825352, "_step": 3, "_wandb": {"runtime": 11935}}