{"epoch": 5, "train_loss": 1.4781255757331295, "train_acc": 0.5470699667930603, "valid_loss": 2.2028741266985152, "valid_acc": 0.49847662448883057, "LR": 0.001, "acting_valid_rec": 0.4820936620235443, "arts_valid_rec": 0.3699757754802704, "author_valid_rec": 0.691428542137146, "automotive_valid_rec": 0.5441576242446899, "beauty_valid_rec": 0.665214478969574, "business_valid_rec": 0.1502504199743271, "children_valid_rec": 0.24309952557086945, "cinema_valid_rec": 0.6140939593315125, "comedy_valid_rec": 0.02678571455180645, "comicbooks_valid_rec": 0.5211267471313477, "diy_and_crafts_valid_rec": 0.4283480942249298, "education_valid_rec": 0.26235294342041016, "entrepreneur_valid_rec": 0.4514627754688263, "fashion_valid_rec": 0.6184090375900269, "fitness_valid_rec": 0.3323262929916382, "food_valid_rec": 0.5930599570274353, "gaming_valid_rec": 0.3134920597076416, "home_and_gardening_valid_rec": 0.4098360538482666, "lifestyle_valid_rec": 0.3621908128261566, "literature_valid_rec": 0.5575048923492432, "marketing_valid_rec": 0.6202531456947327, "motivational_valid_rec": 0.2967741787433624, "music_valid_rec": 0.33870968222618103, "performance_arts_valid_rec": 0.3538961112499237, "pets_valid_rec": 0.31024929881095886, "photography_valid_rec": 0.9956709742546082, "running_valid_rec": 0.5708812475204468, "science_valid_rec": 0.6939501762390137, "spirituality_valid_rec": 0.6462093591690063, "sports_valid_rec": 0.4287634491920471, "tattoos_valid_rec": 0.6129032373428345, "technology_valid_rec": 0.5351351499557495, "travel_valid_rec": 0.3742690086364746, "vegan_valid_rec": 0.4243902564048767, "video_games_valid_rec": 0.47663551568984985, "wedding_valid_rec": 0.4529058039188385, "yoga_valid_rec": 0.14413075149059296, "acting_valid_prec": 0.5014326572418213, "arts_valid_prec": 0.513096034526825, "author_valid_prec": 0.07245509326457977, "automotive_valid_prec": 0.48990824818611145, "beauty_valid_prec": 0.9423678517341614, "business_valid_prec": 0.8333333134651184, "children_valid_prec": 0.6361829042434692, "cinema_valid_prec": 0.4474327564239502, "comedy_valid_prec": 0.01092896144837141, "comicbooks_valid_prec": 0.19170984625816345, "diy_and_crafts_valid_prec": 0.5902345776557922, "education_valid_prec": 0.25427594780921936, "entrepreneur_valid_prec": 0.6046304702758789, "fashion_valid_prec": 0.772357702255249, "fitness_valid_prec": 0.4288499057292938, "food_valid_prec": 0.7094339728355408, "gaming_valid_prec": 0.21236559748649597, "home_and_gardening_valid_prec": 0.07159221172332764, "lifestyle_valid_prec": 0.057811617851257324, "literature_valid_prec": 0.5531914830207825, "marketing_valid_prec": 0.09839357435703278, "motivational_valid_prec": 0.05077262595295906, "music_valid_prec": 0.07495538145303726, "performance_arts_valid_prec": 0.21001926064491272, "pets_valid_prec": 0.2494432032108307, "photography_valid_prec": 0.2915082275867462, "running_valid_prec": 0.29158511757850647, "science_valid_prec": 0.415778249502182, "spirituality_valid_prec": 0.15273037552833557, "sports_valid_prec": 0.450564980506897, "tattoos_valid_prec": 0.24137930572032928, "technology_valid_prec": 0.0866900160908699, "travel_valid_prec": 0.3065868318080902, "vegan_valid_prec": 0.07335581630468369, "video_games_valid_prec": 0.05604395642876625, "wedding_valid_prec": 0.34294384717941284, "yoga_valid_prec": 0.22453702986240387, "_runtime": 6530, "_timestamp": 1640691963, "_step": 5}