{"epoch": 11, "train_loss": 0.11147855240665226, "train_acc": 0.9718676805496216, "valid_loss": 0.10142566127477949, "valid_acc": 0.9739352464675903, "LR": 0.0005, "MISC_valid_acc": 0.9998695254325867, "PER_valid_acc": 0.023806994780898094, "LOC_valid_acc": 0.04809549078345299, "ORG_valid_acc": 0.02735130861401558, "_runtime": 44952, "_timestamp": 1632315188, "_step": 10}