{"epoch": 20, "train_loss": 0.33552144714446613, "train_acc": 0.01366063579916954, "valid_loss": 0.5060462167885106, "valid_acc": 0.0016083252849057317, "LR": 5e-05, "B-GPE_valid_rec": 0.8906148672103882, "I-GPE_valid_rec": 0.623501181602478, "B-EMPLOYMENT_valid_rec": 0.9534700512886047, "I-EMPLOYMENT_valid_rec": 0.8826815485954285, "B-EMPLOYMENT_valid_prec": 0.06678450852632523, "I-EMPLOYMENT_valid_prec": 0.00872783549129963, "_runtime": 2336, "_timestamp": 1633438667, "_step": 20, "B-EMPLOYMENT_appended_data": 14612, "I-EMPLOYMENT_appended_data": 813}