{"epoch": 60, "train_loss": 0.3868188132951928, "train_acc": 0.6568666696548462, "valid_loss": 2.4166529411460163, "valid_acc": 0.6131120920181274, "LR": 6.25e-05, "acting_valid_rec": 0.5537189841270447, "arts_valid_rec": 0.5268765091896057, "author_valid_rec": 0.5714285969734192, "automotive_valid_rec": 0.66847825050354, "beauty_valid_rec": 0.7953611016273499, "business_valid_rec": 0.7061769366264343, "children_valid_rec": 0.29450494050979614, "cinema_valid_rec": 0.6644295454025269, "comedy_valid_rec": 0.0223214291036129, "comicbooks_valid_rec": 0.5352112650871277, "diy_and_crafts_valid_rec": 0.5930172204971313, "education_valid_rec": 0.39764705300331116, "entrepreneur_valid_rec": 0.5704787373542786, "fashion_valid_rec": 0.7336284518241882, "fitness_valid_rec": 0.5332326292991638, "food_valid_rec": 0.6839116811752319, "gaming_valid_rec": 0.3650793731212616, "home_and_gardening_valid_rec": 0.48852458596229553, "lifestyle_valid_rec": 0.2720848023891449, "literature_valid_rec": 0.6900584697723389, "marketing_valid_rec": 0.607594907283783, "motivational_valid_rec": 0.3290322721004486, "music_valid_rec": 0.44354838132858276, "performance_arts_valid_rec": 0.41233766078948975, "pets_valid_rec": 0.4833795130252838, "photography_valid_rec": 0.9047619104385376, "running_valid_rec": 0.5708812475204468, "science_valid_rec": 0.7615658640861511, "spirituality_valid_rec": 0.6064981818199158, "sports_valid_rec": 0.5766128897666931, "tattoos_valid_rec": 0.617511510848999, "technology_valid_rec": 0.4054054021835327, "travel_valid_rec": 0.4941520392894745, "vegan_valid_rec": 0.4731707274913788, "video_games_valid_rec": 0.2429906576871872, "wedding_valid_rec": 0.5771543383598328, "yoga_valid_rec": 0.2734026610851288, "acting_valid_prec": 0.30970725417137146, "arts_valid_prec": 0.5268765091896057, "author_valid_prec": 0.15267175436019897, "automotive_valid_prec": 0.5007633566856384, "beauty_valid_prec": 0.9407751560211182, "business_valid_prec": 0.4970622658729553, "children_valid_prec": 0.7807989120483398, "cinema_valid_prec": 0.3390410840511322, "comedy_valid_prec": 0.010989011265337467, "comicbooks_valid_prec": 0.2451612949371338, "diy_and_crafts_valid_prec": 0.687059760093689, "education_valid_prec": 0.2852320671081543, "entrepreneur_valid_prec": 0.5727636814117432, "fashion_valid_prec": 0.8382921814918518, "fitness_valid_prec": 0.32929104566574097, "food_valid_prec": 0.6646229028701782, "gaming_valid_prec": 0.16757741570472717, "home_and_gardening_valid_prec": 0.31702128052711487, "lifestyle_valid_prec": 0.1448730081319809, "literature_valid_prec": 0.5454545617103577, "marketing_valid_prec": 0.20338982343673706, "motivational_valid_prec": 0.08415841311216354, "music_valid_prec": 0.15221402049064636, "performance_arts_valid_prec": 0.24144487082958221, "pets_valid_prec": 0.2763262093067169, "photography_valid_prec": 0.471783310174942, "running_valid_prec": 0.35141509771347046, "science_valid_prec": 0.4030131697654724, "spirituality_valid_prec": 0.30656933784484863, "sports_valid_prec": 0.4880546033382416, "tattoos_valid_prec": 0.27974948287010193, "technology_valid_prec": 0.23961661756038666, "travel_valid_prec": 0.3550420105457306, "vegan_valid_prec": 0.17290551960468292, "video_games_valid_prec": 0.14689265191555023, "wedding_valid_prec": 0.27246925234794617, "yoga_valid_prec": 0.1651705503463745, "_runtime": 65326, "_timestamp": 1640775608, "_step": 60, "_wandb": {"runtime": 65375}}