{"epoch": 15, "train_loss": 0.22967952815032047, "train_acc": 0.6818548440933228, "valid_loss": 2.730774764840396, "valid_acc": 0.544033408164978, "LR": 0.0005, "acting_valid_rec": 0.5261707901954651, "arts_valid_rec": 0.44697335362434387, "author_valid_rec": 0.4171428680419922, "automotive_valid_rec": 0.6379076242446899, "beauty_valid_rec": 0.7450451254844666, "business_valid_rec": 0.2754591107368469, "children_valid_rec": 0.2158774435520172, "cinema_valid_rec": 0.5704697966575623, "comedy_valid_rec": 0.0714285746216774, "comicbooks_valid_rec": 0.6056337952613831, "diy_and_crafts_valid_rec": 0.47281569242477417, "education_valid_rec": 0.3682352900505066, "entrepreneur_valid_rec": 0.46343085169792175, "fashion_valid_rec": 0.6789480447769165, "fitness_valid_rec": 0.3716011941432953, "food_valid_rec": 0.6264984011650085, "gaming_valid_rec": 0.2976190447807312, "home_and_gardening_valid_rec": 0.4131147563457489, "lifestyle_valid_rec": 0.291519433259964, "literature_valid_rec": 0.6764132380485535, "marketing_valid_rec": 0.4556961953639984, "motivational_valid_rec": 0.17419354617595673, "music_valid_rec": 0.44086021184921265, "performance_arts_valid_rec": 0.36688312888145447, "pets_valid_rec": 0.36703601479530334, "photography_valid_rec": 0.9783549904823303, "running_valid_rec": 0.5670498013496399, "science_valid_rec": 0.6548042893409729, "spirituality_valid_rec": 0.5559566617012024, "sports_valid_rec": 0.5309139490127563, "tattoos_valid_rec": 0.5898617506027222, "technology_valid_rec": 0.4000000059604645, "travel_valid_rec": 0.4181286692619324, "vegan_valid_rec": 0.3951219618320465, "video_games_valid_rec": 0.2897196114063263, "wedding_valid_rec": 0.4749498963356018, "yoga_valid_rec": 0.27191677689552307, "acting_valid_prec": 0.22417840361595154, "arts_valid_prec": 0.4678155183792114, "author_valid_prec": 0.13984674215316772, "automotive_valid_prec": 0.36622464656829834, "beauty_valid_prec": 0.9405840635299683, "business_valid_prec": 0.7236841917037964, "children_valid_prec": 0.7497801184654236, "cinema_valid_prec": 0.4260651767253876, "comedy_valid_prec": 0.01308258343487978, "comicbooks_valid_prec": 0.12356321513652802, "diy_and_crafts_valid_prec": 0.6913893818855286, "education_valid_prec": 0.1974763423204422, "entrepreneur_valid_prec": 0.5652878880500793, "fashion_valid_prec": 0.81369948387146, "fitness_valid_prec": 0.3948635756969452, "food_valid_prec": 0.687197208404541, "gaming_valid_prec": 0.09339974820613861, "home_and_gardening_valid_prec": 0.21035058796405792, "lifestyle_valid_prec": 0.09660421311855316, "literature_valid_prec": 0.4106508791446686, "marketing_valid_prec": 0.2142857164144516, "motivational_valid_prec": 0.07803468406200409, "music_valid_prec": 0.08436214178800583, "performance_arts_valid_prec": 0.19964663684368134, "pets_valid_prec": 0.2698574364185333, "photography_valid_prec": 0.39100345969200134, "running_valid_prec": 0.2628774344921112, "science_valid_prec": 0.4455205798149109, "spirituality_valid_prec": 0.22680412232875824, "sports_valid_prec": 0.3977845013141632, "tattoos_valid_prec": 0.14190687239170074, "technology_valid_prec": 0.18004865944385529, "travel_valid_prec": 0.3384615480899811, "vegan_valid_prec": 0.14673912525177002, "video_games_valid_prec": 0.11032028496265411, "wedding_valid_prec": 0.24610592424869537, "yoga_valid_prec": 0.12432064861059189, "_runtime": 17396, "_timestamp": 1640709877, "_step": 15}