{"epoch": 79, "train_loss": 0.20876667535666263, "train_acc": 0.011804399080574512, "valid_loss": 0.5685309419432842, "valid_acc": 0.0015864698216319084, "LR": 1e-05, "B-ORG_valid_rec": 0.7344439029693604, "I-ORG_valid_rec": 0.6010037660598755, "B-EMPLOYMENT_valid_rec": 0.9842271208763123, "I-EMPLOYMENT_valid_rec": 0.9832402467727661, "B-EMPLOYMENT_valid_prec": 0.06988856196403503, "I-EMPLOYMENT_valid_prec": 0.009856078773736954, "_runtime": 8056, "_timestamp": 1633544627, "_step": 79, "B-EMPLOYMENT_appended_data": 246, "I-EMPLOYMENT_appended_data": 43, "_wandb": {"runtime": 8057}}