{"epoch": 132, "train_loss": 1.345466538699616, "train_acc": 0.5063928961753845, "valid_loss": 1.5391706207216742, "valid_acc": 0.5400655269622803, "LR": 0.001, "acting_valid_rec": 0.49723756313323975, "arts_valid_rec": 0.353995144367218, "author_valid_rec": 0.5542857050895691, "automotive_valid_rec": 0.4789402186870575, "beauty_valid_rec": 0.7514113783836365, "business_valid_rec": 0.629382312297821, "children_valid_rec": 0.20618034899234772, "cinema_valid_rec": 0.5906040072441101, "comedy_valid_rec": 0.3617021143436432, "comicbooks_valid_rec": 0.5352112650871277, "diy_and_crafts_valid_rec": 0.4505819082260132, "education_valid_rec": 0.2635294198989868, "entrepreneur_valid_rec": 0.46373918652534485, "fashion_valid_rec": 0.6854576468467712, "fitness_valid_rec": 0.40785497426986694, "food_valid_rec": 0.6369949579238892, "gaming_valid_rec": 0.3730158805847168, "home_and_gardening_valid_rec": 0.4721311330795288, "lifestyle_valid_rec": 0.21024735271930695, "literature_valid_rec": 0.5949119329452515, "marketing_valid_rec": 0.5822784900665283, "motivational_valid_rec": 0.4000000059604645, "music_valid_rec": 0.3172042965888977, "performance_arts_valid_rec": 0.4025973975658417, "pets_valid_rec": 0.4030470848083496, "photography_valid_rec": 0.806034505367279, "running_valid_rec": 0.5862069129943848, "science_valid_rec": 0.6975088715553284, "spirituality_valid_rec": 0.6281588673591614, "sports_valid_rec": 0.4583333432674408, "tattoos_valid_rec": 0.6589861512184143, "technology_valid_rec": 0.545945942401886, "travel_valid_rec": 0.4239766001701355, "vegan_valid_rec": 0.507317066192627, "video_games_valid_rec": 0.5420560836791992, "wedding_valid_rec": 0.5190380811691284, "yoga_valid_rec": 0.182779461145401, "acting_valid_prec": 0.40816327929496765, "arts_valid_prec": 0.46207332611083984, "author_valid_prec": 0.10635964572429657, "automotive_valid_prec": 0.5622009634971619, "beauty_valid_prec": 0.9317455291748047, "business_valid_prec": 0.46144431829452515, "children_valid_prec": 0.7339946031570435, "cinema_valid_prec": 0.3768736720085144, "comedy_valid_prec": 0.0237762238830328, "comicbooks_valid_prec": 0.1130952388048172, "diy_and_crafts_valid_prec": 0.6211685538291931, "education_valid_prec": 0.24806201457977295, "entrepreneur_valid_prec": 0.5308454036712646, "fashion_valid_prec": 0.7851178050041199, "fitness_valid_prec": 0.38461539149284363, "food_valid_prec": 0.6771811842918396, "gaming_valid_prec": 0.10730593651533127, "home_and_gardening_valid_prec": 0.1090909093618393, "lifestyle_valid_prec": 0.10411198437213898, "literature_valid_prec": 0.5925925970077515, "marketing_valid_prec": 0.08829174935817719, "motivational_valid_prec": 0.0469696968793869, "music_valid_prec": 0.14320388436317444, "performance_arts_valid_prec": 0.16824966669082642, "pets_valid_prec": 0.25370532274246216, "photography_valid_prec": 0.25338754057884216, "running_valid_prec": 0.28021979331970215, "science_valid_prec": 0.3843137323856354, "spirituality_valid_prec": 0.1941964328289032, "sports_valid_prec": 0.41383495926856995, "tattoos_valid_prec": 0.28947368264198303, "technology_valid_prec": 0.08782608807086945, "travel_valid_prec": 0.3403755724430084, "vegan_valid_prec": 0.12951432168483734, "video_games_valid_prec": 0.04777594655752182, "wedding_valid_prec": 0.3181818127632141, "yoga_valid_prec": 0.23003801703453064, "_runtime": 29186, "_timestamp": 1642965931, "_step": 53}