{"epoch": 39, "train_loss": 0.05902636750646821, "train_acc": 0.01290673017501831, "valid_loss": 0.4831283087564261, "valid_acc": 0.0016699823318049312, "LR": 1.875e-05, "B-ORG_valid_rec": 0.785399317741394, "I-ORG_valid_rec": 0.720200777053833, "B-EMPLOYMENT_valid_rec": 0.965299665927887, "I-EMPLOYMENT_valid_rec": 0.9608938694000244, "B-EMPLOYMENT_valid_prec": 0.0651167705655098, "I-EMPLOYMENT_valid_prec": 0.009150396101176739, "_runtime": 3865, "_timestamp": 1633493463, "_step": 39, "B-EMPLOYMENT_appended_data": 44, "I-EMPLOYMENT_appended_data": 1606, "_wandb": {"runtime": 3866}}