{"epoch": 30, "train_loss": -7.56757599872256, "train_acc": 0.48467186093330383, "valid_loss": -7.453703454942916, "valid_acc": 0.07583292573690414, "LR": 0.001, "O_valid_rec": 0.84954434633255, "GPE_valid_rec": 0.9472423195838928, "ORG_valid_rec": 0.9130114316940308, "EMPLOYMENT_valid_rec": 0.9763247966766357, "AGE_valid_rec": 0.9928829669952393, "PERSON_FAM_valid_rec": 0.9321821331977844, "O_valid_prec": 0.8811757564544678, "GPE_valid_prec": 0.06515499949455261, "ORG_valid_prec": 0.01606731303036213, "EMPLOYMENT_valid_prec": 0.014001230709254742, "AGE_valid_prec": 0.008776606991887093, "PERSON_FAM_valid_prec": 0.014824068173766136, "elr_loss_train": -0.00048227306193901254, "elr_loss_valid": -0.0004871023162244992, "_runtime": 3587, "_timestamp": 1634649645, "_step": 30}