{"epoch": 18, "train_loss": 0.31927318207589617, "train_acc": 0.5069229006767273, "valid_loss": 0.405137840230045, "valid_acc": 0.07885769009590149, "LR": 3.75e-05, "O_valid_rec": 0.8549903631210327, "PERSON_valid_rec": 0.8287208080291748, "GPE_valid_rec": 0.8644692897796631, "ORG_valid_rec": 0.842556357383728, "EMPLOYMENT_valid_rec": 0.9231154322624207, "_runtime": 1456, "_timestamp": 1633992058, "_step": 18, "EMPLOYMENT_appended_data": 718}