{"epoch": 12, "train_loss": 0.2696844866919435, "train_acc": 0.839271068572998, "valid_loss": 0.7157076549029724, "valid_acc": 0.056426454335451126, "LR": 0.000125, "0_valid_rec": 0.3415946364402771, "1_valid_rec": 0.9384122490882874, "0_valid_prec": 0.9146677255630493, "1_valid_prec": 0.08533229678869247, "_runtime": 68101, "_timestamp": 1636473898, "_step": 12, "_wandb": {"runtime": 68107}}