{"epoch": 22, "train_loss": -7.2408352834837775, "train_acc": 0.4809304177761078, "valid_loss": -7.200730180030425, "valid_acc": 0.07530912756919861, "LR": 0.00025, "O_valid_rec": 0.8441346883773804, "GPE_valid_rec": 0.9376025199890137, "ORG_valid_rec": 0.9051240086555481, "EMPLOYMENT_valid_rec": 0.9461040496826172, "AGE_valid_rec": 0.9940126538276672, "PERSON_FAM_valid_rec": 0.9277237057685852, "O_valid_prec": 0.8816545009613037, "GPE_valid_prec": 0.06494049727916718, "ORG_valid_prec": 0.016039296984672546, "EMPLOYMENT_valid_prec": 0.013662210665643215, "AGE_valid_prec": 0.008847706951200962, "PERSON_FAM_valid_prec": 0.014855780638754368, "elr_loss_train": -0.0004670338677233159, "elr_loss_valid": -0.00047337897340004464, "_runtime": 2669, "_timestamp": 1634659686, "_step": 22}