{"epoch": 49, "train_loss": -11.849111331833733, "train_acc": 0.4862307906150818, "valid_loss": -11.59096921821386, "valid_acc": 0.07616301625967026, "LR": 0.001, "O_valid_rec": 0.8536099791526794, "GPE_valid_rec": 0.9483166337013245, "ORG_valid_rec": 0.909720242023468, "EMPLOYMENT_valid_rec": 0.9817561507225037, "AGE_valid_rec": 0.9909625053405762, "PERSON_FAM_valid_rec": 0.9358869791030884, "O_valid_prec": 0.8815555572509766, "GPE_valid_prec": 0.06494619697332382, "ORG_valid_prec": 0.01594001054763794, "EMPLOYMENT_valid_prec": 0.014018101617693901, "AGE_valid_prec": 0.008721667341887951, "PERSON_FAM_valid_prec": 0.014818482100963593, "elr_loss_train": -0.0007432157098452397, "elr_loss_valid": -0.0007476021634488743, "_runtime": 5754, "_timestamp": 1634668054, "_step": 49}