{"epoch": 39, "train_loss": 0.15753401143775952, "train_acc": 0.011959618888795376, "valid_loss": 0.4598785887595695, "valid_acc": 0.0016586104175075889, "LR": 3.75e-05, "B-ORG_valid_rec": 0.7839294672012329, "I-ORG_valid_rec": 0.7440401315689087, "B-EMPLOYMENT_valid_rec": 0.9692429304122925, "I-EMPLOYMENT_valid_rec": 0.9608938694000244, "B-EMPLOYMENT_valid_prec": 0.06583105772733688, "I-EMPLOYMENT_valid_prec": 0.009213133715093136, "_runtime": 3874, "_timestamp": 1633528935, "_step": 39, "B-EMPLOYMENT_appended_data": 406, "I-EMPLOYMENT_appended_data": 51, "_wandb": {"runtime": 3874}}