{"epoch": 90, "train_loss": 0.09616420364805629, "train_acc": 0.5079021453857422, "valid_loss": 0.1669488235494635, "valid_acc": 0.07941514253616333, "LR": 0.0005, "O_valid_rec": 0.8939816951751709, "GPE_valid_rec": 0.9591178894042969, "ORG_valid_rec": 0.9065425992012024, "EMPLOYMENT_valid_rec": 0.9821043014526367, "AGE_valid_rec": 0.9983054399490356, "PERSON_FAM_valid_rec": 0.9518367052078247, "_runtime": 10366, "_timestamp": 1634155902, "_step": 90}