{"epoch": 39, "train_loss": 0.07042119094324766, "train_acc": 0.002798796398565173, "valid_loss": 0.25940515813966447, "valid_acc": 0.0003416902618482709, "LR": 5e-05, "B-ORG_valid_rec": 0.9250367283821106, "I-ORG_valid_rec": 0.6951066255569458, "B-EMPLOYMENT_valid_rec": 0.9739747643470764, "I-EMPLOYMENT_valid_rec": 0.9441340565681458, "B-EMPLOYMENT_valid_prec": 0.32111284136772156, "I-EMPLOYMENT_valid_prec": 0.04394175857305527, "_runtime": 4092, "_timestamp": 1633458423, "_step": 39, "B-EMPLOYMENT_appended_data": 749, "I-EMPLOYMENT_appended_data": 31, "_wandb": {"runtime": 4097}}