{"epoch": 1, "train_loss": 1.037123589248924, "train_acc": 0.007644617930054665, "valid_loss": 0.9392308310823844, "valid_acc": 0.0012708994327113032, "LR": 0.00025, "B-ORG_valid_rec": 0.5507104396820068, "I-ORG_valid_rec": 0.5972396731376648, "B-EMPLOYMENT_valid_rec": 0.8462145328521729, "I-EMPLOYMENT_valid_rec": 0.9553072452545166, "B-EMPLOYMENT_valid_prec": 0.07500873506069183, "I-EMPLOYMENT_valid_prec": 0.011953862383961678, "_runtime": 247, "_timestamp": 1633561626, "_step": 1}