{"epoch": 49, "train_loss": -71.41220498463464, "train_acc": 0.47512832283973694, "valid_loss": -71.76300853416878, "valid_acc": 0.0745481550693512, "LR": 0.001, "O_valid_rec": 0.8370922207832336, "GPE_valid_rec": 0.9239557981491089, "ORG_valid_rec": 0.8361232280731201, "EMPLOYMENT_valid_rec": 0.9603788256645203, "AGE_valid_rec": 0.9989832639694214, "PERSON_FAM_valid_rec": 0.8757928013801575, "O_valid_prec": 0.8832236528396606, "GPE_valid_prec": 0.06464854627847672, "ORG_valid_prec": 0.014967809431254864, "EMPLOYMENT_valid_prec": 0.014009909704327583, "AGE_valid_prec": 0.00898271705955267, "PERSON_FAM_valid_prec": 0.014167359098792076, "_runtime": 5699, "_timestamp": 1634517629, "_step": 49}