{"epoch": 35, "train_loss": 0.13178228843350742, "train_acc": 0.7495230436325073, "valid_loss": 2.563805776446939, "valid_acc": 0.604249894618988, "LR": 0.0005, "acting_valid_rec": 0.5316804647445679, "arts_valid_rec": 0.4961389899253845, "author_valid_rec": 0.4399999976158142, "automotive_valid_rec": 0.6915760636329651, "beauty_valid_rec": 0.7813228368759155, "business_valid_rec": 0.3756260573863983, "children_valid_rec": 0.3284810185432434, "cinema_valid_rec": 0.6000000238418579, "comedy_valid_rec": 0.40816327929496765, "comicbooks_valid_rec": 0.42500001192092896, "diy_and_crafts_valid_rec": 0.57884681224823, "education_valid_rec": 0.4023529291152954, "entrepreneur_valid_rec": 0.582446813583374, "fashion_valid_rec": 0.7265034914016724, "fitness_valid_rec": 0.48036253452301025, "food_valid_rec": 0.6548895835876465, "gaming_valid_rec": 0.3492063581943512, "home_and_gardening_valid_rec": 0.4590163826942444, "lifestyle_valid_rec": 0.3021201491355896, "literature_valid_rec": 0.6860465407371521, "marketing_valid_rec": 0.3417721390724182, "motivational_valid_rec": 0.26451611518859863, "music_valid_rec": 0.3844085931777954, "performance_arts_valid_rec": 0.44480520486831665, "pets_valid_rec": 0.45366528630256653, "photography_valid_rec": 0.948051929473877, "running_valid_rec": 0.5708812475204468, "science_valid_rec": 0.5978647470474243, "spirituality_valid_rec": 0.588447630405426, "sports_valid_rec": 0.5497311949729919, "tattoos_valid_rec": 0.6313363909721375, "technology_valid_rec": 0.3837837874889374, "travel_valid_rec": 0.5029239654541016, "vegan_valid_rec": 0.41951218247413635, "video_games_valid_rec": 0.18691588938236237, "wedding_valid_rec": 0.563126266002655, "yoga_valid_rec": 0.2659732401371002, "acting_valid_prec": 0.20575693249702454, "arts_valid_prec": 0.5119521617889404, "author_valid_prec": 0.14555765688419342, "automotive_valid_prec": 0.4524444341659546, "beauty_valid_prec": 0.9438885450363159, "business_valid_prec": 0.8720930218696594, "children_valid_prec": 0.7340877056121826, "cinema_valid_prec": 0.43795621395111084, "comedy_valid_prec": 0.10291595011949539, "comicbooks_valid_prec": 0.22368420660495758, "diy_and_crafts_valid_prec": 0.6789570450782776, "education_valid_prec": 0.21825143694877625, "entrepreneur_valid_prec": 0.4689507484436035, "fashion_valid_prec": 0.8217020034790039, "fitness_valid_prec": 0.33901917934417725, "food_valid_prec": 0.6819973587989807, "gaming_valid_prec": 0.190889373421669, "home_and_gardening_valid_prec": 0.3664921522140503, "lifestyle_valid_prec": 0.09223300963640213, "literature_valid_prec": 0.4803256392478943, "marketing_valid_prec": 0.2288135588169098, "motivational_valid_prec": 0.08559498935937881, "music_valid_prec": 0.141865074634552, "performance_arts_valid_prec": 0.20417287945747375, "pets_valid_prec": 0.317214697599411, "photography_valid_prec": 0.634782612323761, "running_valid_prec": 0.3801020383834839, "science_valid_prec": 0.714893639087677, "spirituality_valid_prec": 0.3098859190940857, "sports_valid_prec": 0.4194871783256531, "tattoos_valid_prec": 0.41265061497688293, "technology_valid_prec": 0.2897959053516388, "travel_valid_prec": 0.2861896753311157, "vegan_valid_prec": 0.2123456746339798, "video_games_valid_prec": 0.20000000298023224, "wedding_valid_prec": 0.25946444272994995, "yoga_valid_prec": 0.2271573543548584, "_runtime": 17220, "_timestamp": 1640306309, "_step": 15, "_wandb": {"runtime": 17520}}