{"epoch": 199, "train_loss": 0.033321825379451185, "train_acc": 0.9888126850128174, "valid_loss": 0.039216997037250366, "valid_acc": 0.9910614490509033, "LR": 1e-05, "0_valid_rec": 0.9912264347076416, "1_valid_rec": 0.9951573610305786, "0_valid_prec": 0.999936580657959, "1_valid_prec": 0.595652163028717, "_runtime": 44132, "_timestamp": 1636869641, "_step": 199, "_wandb": {"runtime": 44133}}