{"epoch": 2, "train_loss": 3.2232117637618725, "train_acc": 0.11681439727544785, "valid_loss": 3.37762398009217, "valid_acc": 0.11413755267858505, "LR": 0.001, "acting_valid_rec": 0.008287292905151844, "arts_valid_rec": 0.0062953997403383255, "author_valid_rec": 0.06857142597436905, "automotive_valid_rec": 0.0006793478387407959, "beauty_valid_rec": 0.0015954835107550025, "business_valid_rec": 0.8013355731964111, "children_valid_rec": 0.0, "cinema_valid_rec": 0.0, "comedy_valid_rec": 0.25531914830207825, "comicbooks_valid_rec": 0.0, "diy_and_crafts_valid_rec": 0.1420878916978836, "education_valid_rec": 0.015294117853045464, "entrepreneur_valid_rec": 0.006653360091149807, "fashion_valid_rec": 0.5102200508117676, "fitness_valid_rec": 0.0, "food_valid_rec": 0.3566919267177582, "gaming_valid_rec": 0.0, "home_and_gardening_valid_rec": 0.032786883413791656, "lifestyle_valid_rec": 0.008833922445774078, "literature_valid_rec": 0.30919766426086426, "marketing_valid_rec": 0.06329113990068436, "motivational_valid_rec": 0.07096774131059647, "music_valid_rec": 0.0026881720405071974, "performance_arts_valid_rec": 0.0, "pets_valid_rec": 0.0013850415125489235, "photography_valid_rec": 0.4094827473163605, "running_valid_rec": 0.0, "science_valid_rec": 0.035587187856435776, "spirituality_valid_rec": 0.0, "sports_valid_rec": 0.017473118379712105, "tattoos_valid_rec": 0.0, "technology_valid_rec": 0.20000000298023224, "travel_valid_rec": 0.0, "vegan_valid_rec": 0.09756097197532654, "video_games_valid_rec": 0.32710281014442444, "wedding_valid_rec": 0.0, "yoga_valid_rec": 0.0, "acting_valid_prec": 0.11538461595773697, "arts_valid_prec": 0.09219858050346375, "author_valid_prec": 0.05970149114727974, "automotive_valid_prec": 0.25, "beauty_valid_prec": 0.7027027010917664, "business_valid_prec": 0.06688962876796722, "children_valid_prec": 0.0, "cinema_valid_prec": NaN, "comedy_valid_prec": 0.0010236287489533424, "comicbooks_valid_prec": 0.0, "diy_and_crafts_valid_prec": 0.44846490025520325, "education_valid_prec": 0.0445205494761467, "entrepreneur_valid_prec": 0.38461539149284363, "fashion_valid_prec": 0.6666099429130554, "fitness_valid_prec": 0.0, "food_valid_prec": 0.4837328791618347, "gaming_valid_prec": 0.0, "home_and_gardening_valid_prec": 0.03076923079788685, "lifestyle_valid_prec": 0.019685039296746254, "literature_valid_prec": 0.0780632421374321, "marketing_valid_prec": 0.006337135564535856, "motivational_valid_prec": 0.04888888821005821, "music_valid_prec": 0.01587301678955555, "performance_arts_valid_prec": NaN, "pets_valid_prec": 0.03333333507180214, "photography_valid_prec": 0.017120201140642166, "running_valid_prec": NaN, "science_valid_prec": 0.008110299706459045, "spirituality_valid_prec": NaN, "sports_valid_prec": 0.032499998807907104, "tattoos_valid_prec": 0.0, "technology_valid_prec": 0.009675731882452965, "travel_valid_prec": 0.0, "vegan_valid_prec": 0.01924927905201912, "video_games_valid_prec": 0.0032854594755917788, "wedding_valid_prec": NaN, "yoga_valid_prec": NaN, "_runtime": 2886, "_timestamp": 1642596120, "_step": 2, "_wandb": {"runtime": 3208}}