{"epoch": 39, "train_loss": 0.10125373127611922, "train_acc": 0.013124408200383186, "valid_loss": 0.6052304412274903, "valid_acc": 0.0015813169302418828, "LR": 7.5e-05, "B-ORG_valid_rec": 0.7123959064483643, "I-ORG_valid_rec": 0.5708908438682556, "B-EMPLOYMENT_valid_rec": 0.9660883545875549, "I-EMPLOYMENT_valid_rec": 0.9776536226272583, "B-EMPLOYMENT_valid_prec": 0.06882409006357193, "I-EMPLOYMENT_valid_prec": 0.00983201339840889, "_runtime": 3883, "_timestamp": 1633484015, "_step": 39, "B-EMPLOYMENT_appended_data": 1371, "I-EMPLOYMENT_appended_data": 2598, "_wandb": {"runtime": 3884}}