{"epoch": 47, "train_loss": 0.4835461715730345, "train_acc": 0.6448055505752563, "valid_loss": 2.205126738733125, "valid_acc": 0.6121690273284912, "LR": 0.00025, "acting_valid_rec": 0.5564738512039185, "arts_valid_rec": 0.48813560605049133, "author_valid_rec": 0.5828571319580078, "automotive_valid_rec": 0.661005437374115, "beauty_valid_rec": 0.7916181087493896, "business_valid_rec": 0.6761268973350525, "children_valid_rec": 0.3265383541584015, "cinema_valid_rec": 0.6107382774353027, "comedy_valid_rec": 0.0803571417927742, "comicbooks_valid_rec": 0.5352112650871277, "diy_and_crafts_valid_rec": 0.5803369879722595, "education_valid_rec": 0.3929411768913269, "entrepreneur_valid_rec": 0.573803186416626, "fashion_valid_rec": 0.7445645332336426, "fitness_valid_rec": 0.4758308231830597, "food_valid_rec": 0.6725552082061768, "gaming_valid_rec": 0.3571428656578064, "home_and_gardening_valid_rec": 0.5147541165351868, "lifestyle_valid_rec": 0.2332155406475067, "literature_valid_rec": 0.6179337501525879, "marketing_valid_rec": 0.4177215099334717, "motivational_valid_rec": 0.3612903356552124, "music_valid_rec": 0.39247313141822815, "performance_arts_valid_rec": 0.38311687111854553, "pets_valid_rec": 0.48753461241722107, "photography_valid_rec": 0.649350643157959, "running_valid_rec": 0.6321839094161987, "science_valid_rec": 0.7686832547187805, "spirituality_valid_rec": 0.6064981818199158, "sports_valid_rec": 0.5712365508079529, "tattoos_valid_rec": 0.6589861512184143, "technology_valid_rec": 0.4216216206550598, "travel_valid_rec": 0.5380116701126099, "vegan_valid_rec": 0.46341463923454285, "video_games_valid_rec": 0.32710281014442444, "wedding_valid_rec": 0.5571142435073853, "yoga_valid_rec": 0.2778603136539459, "acting_valid_prec": 0.31366458535194397, "arts_valid_prec": 0.5730528831481934, "author_valid_prec": 0.1164383590221405, "automotive_valid_prec": 0.5588741898536682, "beauty_valid_prec": 0.9469318985939026, "business_valid_prec": 0.4714784622192383, "children_valid_prec": 0.7481868267059326, "cinema_valid_prec": 0.36991870403289795, "comedy_valid_prec": 0.025280898436903954, "comicbooks_valid_prec": 0.30645161867141724, "diy_and_crafts_valid_prec": 0.7013014554977417, "education_valid_prec": 0.2753503620624542, "entrepreneur_valid_prec": 0.544479489326477, "fashion_valid_prec": 0.8194583654403687, "fitness_valid_prec": 0.3002859950065613, "food_valid_prec": 0.6584311127662659, "gaming_valid_prec": 0.15410958230495453, "home_and_gardening_valid_prec": 0.2907407283782959, "lifestyle_valid_prec": 0.13750000298023224, "literature_valid_prec": 0.5248344540596008, "marketing_valid_prec": 0.1658291518688202, "motivational_valid_prec": 0.08472011983394623, "music_valid_prec": 0.16917729377746582, "performance_arts_valid_prec": 0.24583333730697632, "pets_valid_prec": 0.29906541109085083, "photography_valid_prec": 0.23183925449848175, "running_valid_prec": 0.3340080976486206, "science_valid_prec": 0.3552631437778473, "spirituality_valid_prec": 0.28282827138900757, "sports_valid_prec": 0.4764573872089386, "tattoos_valid_prec": 0.3657289147377014, "technology_valid_prec": 0.21311475336551666, "travel_valid_prec": 0.3488151729106903, "vegan_valid_prec": 0.15127389132976532, "video_games_valid_prec": 0.17587940394878387, "wedding_valid_prec": 0.3173516094684601, "yoga_valid_prec": 0.22475960850715637, "_runtime": 51503, "_timestamp": 1640915550, "_step": 47}