{"epoch": 99, "train_loss": 0.06240910155313721, "train_acc": 0.9812859892845154, "valid_loss": 0.06239192819120129, "valid_acc": 0.9833689332008362, "LR": 0.00025, "0_valid_rec": 0.9835379719734192, "1_valid_rec": 0.9898989796638489, "0_valid_prec": 0.9998902678489685, "1_valid_prec": 0.39121755957603455, "_runtime": 25561, "_timestamp": 1636670731, "_step": 99, "_wandb": {"runtime": 25562}}