{"epoch": 9, "train_loss": 0.2792728167287139, "train_acc": 0.07603702694177628, "valid_loss": 0.4639035936179293, "valid_acc": 0.01142201479524374, "LR": 0.000125, "B-ORG_valid_rec": 0.7592129111289978, "I-ORG_valid_rec": 0.8222222328186035, "B-EMPLOYMENT_valid_rec": 0.9410112500190735, "I-EMPLOYMENT_valid_rec": 0.9770039319992065, "B-EMPLOYMENT_valid_prec": 0.09119971096515656, "I-EMPLOYMENT_valid_prec": 0.011566223576664925, "_runtime": 312, "_timestamp": 1633649412, "_step": 9, "I-EMPLOYMENT_appended_data": 684}