{"epoch": 105, "train_loss": 0.2649798184841663, "train_acc": 0.0777474120259285, "valid_loss": 0.439190038567981, "valid_acc": 0.011650518514215946, "LR": 1e-05, "B-ORG_valid_rec": 0.8122394680976868, "I-ORG_valid_rec": 0.8599110841751099, "B-EMPLOYMENT_valid_rec": 0.9326645135879517, "I-EMPLOYMENT_valid_rec": 0.953350841999054, "B-EMPLOYMENT_valid_prec": 0.08861792087554932, "I-EMPLOYMENT_valid_prec": 0.011064848862588406, "_runtime": 6462, "_timestamp": 1633702297, "_step": 105, "_wandb": {"runtime": 6522}}