{"epoch": 39, "train_loss": 0.1836440658374822, "train_acc": 0.011605358682572842, "valid_loss": 0.5937460785436145, "valid_acc": 0.0015905566979199648, "LR": 7.5e-05, "B-ORG_valid_rec": 0.7241548299789429, "I-ORG_valid_rec": 0.5784190893173218, "B-EMPLOYMENT_valid_rec": 0.9684542417526245, "I-EMPLOYMENT_valid_rec": 0.9720670580863953, "B-EMPLOYMENT_valid_prec": 0.06859185546636581, "I-EMPLOYMENT_valid_prec": 0.009719041176140308, "_runtime": 3866, "_timestamp": 1633511074, "_step": 39, "I-EMPLOYMENT_appended_data": 619, "B-EMPLOYMENT_appended_data": 479, "_wandb": {"runtime": 3868}}