{"epoch": 18, "train_loss": -11.13595093621148, "train_acc": 0.48428699374198914, "valid_loss": -11.1341369335468, "valid_acc": 0.07593530416488647, "LR": 0.0005, "O_valid_rec": 0.852776288986206, "GPE_valid_rec": 0.9349603056907654, "ORG_valid_rec": 0.8963286876678467, "EMPLOYMENT_valid_rec": 0.9268853068351746, "AGE_valid_rec": 0.989380955696106, "PERSON_FAM_valid_rec": 0.9243956208229065, "O_valid_prec": 0.8833354711532593, "GPE_valid_prec": 0.06422348320484161, "ORG_valid_prec": 0.015752460807561874, "EMPLOYMENT_valid_prec": 0.013274310156702995, "AGE_valid_prec": 0.008733859285712242, "PERSON_FAM_valid_prec": 0.014680423773825169, "elr_loss_train": -0.0007118945652600525, "elr_loss_valid": -0.0007196722632919948, "_runtime": 2225, "_timestamp": 1634661962, "_step": 18}