{"epoch": 77, "train_loss": -3.178964090725732, "train_acc": 0.5119001865386963, "valid_loss": -3.0264314592032515, "valid_acc": 0.08010515570640564, "LR": 0.0005, "O_valid_rec": 0.9034897685050964, "GPE_valid_rec": 0.9568821787834167, "ORG_valid_rec": 0.8902003169059753, "EMPLOYMENT_valid_rec": 0.9813383221626282, "AGE_valid_rec": 0.9926570057868958, "PERSON_FAM_valid_rec": 0.9354473948478699, "O_valid_prec": 0.88714998960495, "GPE_valid_prec": 0.062307801097631454, "ORG_valid_prec": 0.014830374158918858, "EMPLOYMENT_valid_prec": 0.01332256942987442, "AGE_valid_prec": 0.008306635543704033, "PERSON_FAM_valid_prec": 0.014082616195082664, "_runtime": 8879, "_timestamp": 1634594547, "_step": 77}