{"epoch": 65, "train_loss": 0.15054777375189587, "train_acc": 0.9253174066543579, "valid_loss": 0.2140172289883715, "valid_acc": 0.9126953482627869, "LR": 0.000125, "0_valid_rec": 0.9144635796546936, "1_valid_rec": 0.8266666531562805, "0_valid_prec": 0.9978970289230347, "1_valid_prec": 0.09702660143375397, "_runtime": 8995, "_timestamp": 1636591440, "_step": 65}