{"epoch": 33, "train_loss": 1.1209310643322818, "train_acc": 0.5567180514335632, "valid_loss": 3.2207231014228963, "valid_acc": 0.4363073408603668, "LR": 0.0005, "acting_valid_rec": 0.41597795486450195, "arts_valid_rec": 0.3447609841823578, "author_valid_rec": 0.18095238506793976, "automotive_valid_rec": 0.5883151888847351, "beauty_valid_rec": 0.6123826503753662, "business_valid_rec": 0.14023372530937195, "children_valid_rec": 0.05217171087861061, "cinema_valid_rec": 0.5166666507720947, "comedy_valid_rec": 0.7516778707504272, "comicbooks_valid_rec": 0.15000000596046448, "diy_and_crafts_valid_rec": 0.42705801129341125, "education_valid_rec": 0.286556601524353, "entrepreneur_valid_rec": 0.43949466943740845, "fashion_valid_rec": 0.5831814408302307, "fitness_valid_rec": 0.3413897156715393, "food_valid_rec": 0.5104100704193115, "gaming_valid_rec": 0.30158731341362, "home_and_gardening_valid_rec": 0.21311475336551666, "lifestyle_valid_rec": 0.1590106040239334, "literature_valid_rec": 0.682170569896698, "marketing_valid_rec": 0.27848100662231445, "motivational_valid_rec": 0.1548387110233307, "music_valid_rec": 0.36986300349235535, "performance_arts_valid_rec": 0.3405405282974243, "pets_valid_rec": 0.2659279704093933, "photography_valid_rec": 0.9610389471054077, "running_valid_rec": 0.48275861144065857, "science_valid_rec": 0.033898305147886276, "spirituality_valid_rec": 0.4079422354698181, "sports_valid_rec": 0.3620457649230957, "tattoos_valid_rec": 0.4976958632469177, "technology_valid_rec": 0.3027026951313019, "travel_valid_rec": 0.2368421107530594, "vegan_valid_rec": 0.4313725531101227, "video_games_valid_rec": 0.14953270554542542, "wedding_valid_rec": 0.43887776136398315, "yoga_valid_rec": 0.17533431947231293, "acting_valid_prec": 0.12316476553678513, "arts_valid_prec": 0.3398381769657135, "author_valid_prec": 0.05604719743132591, "automotive_valid_prec": 0.2377161681652069, "beauty_valid_prec": 0.926304042339325, "business_valid_prec": 0.365217387676239, "children_valid_prec": 0.6613162159919739, "cinema_valid_prec": 0.2421875, "comedy_valid_prec": 0.4000000059604645, "comicbooks_valid_prec": 0.013574660755693913, "diy_and_crafts_valid_prec": 0.4930820167064667, "education_valid_prec": 0.1557692289352417, "entrepreneur_valid_prec": 0.5018982291221619, "fashion_valid_prec": 0.7060677409172058, "fitness_valid_prec": 0.3256484270095825, "food_valid_prec": 0.6625716686248779, "gaming_valid_prec": 0.07532209903001785, "home_and_gardening_valid_prec": 0.09325681626796722, "lifestyle_valid_prec": 0.0439453125, "literature_valid_prec": 0.34375, "marketing_valid_prec": 0.13173653185367584, "motivational_valid_prec": 0.05542725324630737, "music_valid_prec": 0.055237315595149994, "performance_arts_valid_prec": 0.15000000596046448, "pets_valid_prec": 0.1316872388124466, "photography_valid_prec": 0.5298329591751099, "running_valid_prec": 0.14532871544361115, "science_valid_prec": 0.8571428656578064, "spirituality_valid_prec": 0.1313953548669815, "sports_valid_prec": 0.24125561118125916, "tattoos_valid_prec": 0.25531914830207825, "technology_valid_prec": 0.06378132104873657, "travel_valid_prec": 0.1624874621629715, "vegan_valid_prec": 0.10692588239908218, "video_games_valid_prec": 0.04571428522467613, "wedding_valid_prec": 0.293172687292099, "yoga_valid_prec": 0.13228699564933777, "_runtime": 57083, "_timestamp": 1640003956, "_step": 33}