{"epoch": 53, "train_loss": -0.22125285298031433, "train_acc": 0.7280367612838745, "valid_loss": 3.6354879504598387, "valid_acc": 0.5419941544532776, "LR": 0.000125, "acting_valid_rec": 0.45303866267204285, "arts_valid_rec": 0.44939467310905457, "author_valid_rec": 0.20000000298023224, "automotive_valid_rec": 0.6385869383811951, "beauty_valid_rec": 0.7474226951599121, "business_valid_rec": 0.21035058796405792, "children_valid_rec": 0.2322695106267929, "cinema_valid_rec": 0.5167785286903381, "comedy_valid_rec": 0.021276595070958138, "comicbooks_valid_rec": 0.49295774102211, "diy_and_crafts_valid_rec": 0.49713391065597534, "education_valid_rec": 0.3117647171020508, "entrepreneur_valid_rec": 0.5489022135734558, "fashion_valid_rec": 0.6901445388793945, "fitness_valid_rec": 0.395770400762558, "food_valid_rec": 0.6243686676025391, "gaming_valid_rec": 0.2658730149269104, "home_and_gardening_valid_rec": 0.24918033182621002, "lifestyle_valid_rec": 0.23498232662677765, "literature_valid_rec": 0.6555773019790649, "marketing_valid_rec": 0.26582279801368713, "motivational_valid_rec": 0.10967741906642914, "music_valid_rec": 0.27688172459602356, "performance_arts_valid_rec": 0.3214285671710968, "pets_valid_rec": 0.34210526943206787, "photography_valid_rec": 0.6034482717514038, "running_valid_rec": 0.5363984704017639, "science_valid_rec": 0.608540952205658, "spirituality_valid_rec": 0.45126354694366455, "sports_valid_rec": 0.4959677457809448, "tattoos_valid_rec": 0.5622119903564453, "technology_valid_rec": 0.3351351320743561, "travel_valid_rec": 0.3801169693470001, "vegan_valid_rec": 0.19512194395065308, "video_games_valid_rec": 0.14953270554542542, "wedding_valid_rec": 0.3847695291042328, "yoga_valid_rec": 0.2296072542667389, "acting_valid_prec": 0.23597122728824615, "arts_valid_prec": 0.42201000452041626, "author_valid_prec": 0.08728179335594177, "automotive_valid_prec": 0.3107438087463379, "beauty_valid_prec": 0.9195923209190369, "business_valid_prec": 0.7777777910232544, "children_valid_prec": 0.668367326259613, "cinema_valid_prec": 0.3969072103500366, "comedy_valid_prec": 0.043478261679410934, "comicbooks_valid_prec": 0.3723404109477997, "diy_and_crafts_valid_prec": 0.5956295728683472, "education_valid_prec": 0.1911976933479309, "entrepreneur_valid_prec": 0.42879417538642883, "fashion_valid_prec": 0.7840555906295776, "fitness_valid_prec": 0.2681678533554077, "food_valid_prec": 0.5834808349609375, "gaming_valid_prec": 0.14596949517726898, "home_and_gardening_valid_prec": 0.23824451863765717, "lifestyle_valid_prec": 0.06646676361560822, "literature_valid_prec": 0.3271484375, "marketing_valid_prec": 0.19266055524349213, "motivational_valid_prec": 0.06910569220781326, "music_valid_prec": 0.0721793994307518, "performance_arts_valid_prec": 0.1695205420255661, "pets_valid_prec": 0.2073887437582016, "photography_valid_prec": 0.19073569774627686, "running_valid_prec": 0.18944519758224487, "science_valid_prec": 0.5360501408576965, "spirituality_valid_prec": 0.22045855224132538, "sports_valid_prec": 0.3369863033294678, "tattoos_valid_prec": 0.5169491767883301, "technology_valid_prec": 0.1919504702091217, "travel_valid_prec": 0.2866593301296234, "vegan_valid_prec": 0.12944984436035156, "video_games_valid_prec": 0.13114753365516663, "wedding_valid_prec": 0.290909081697464, "yoga_valid_prec": 0.1451766937971115, "_runtime": 57962, "_timestamp": 1642674495, "_step": 53}