{"epoch": 2, "train_loss": 2.209083692873901, "train_acc": 0.4004552364349365, "valid_loss": 3.0096296678538077, "valid_acc": 0.2834059000015259, "LR": 0.001, "acting_valid_rec": 0.1652892529964447, "arts_valid_rec": 0.1631961315870285, "author_valid_rec": 0.22857142984867096, "automotive_valid_rec": 0.2289402186870575, "beauty_valid_rec": 0.4476284086704254, "business_valid_rec": 0.01001669466495514, "children_valid_rec": 0.06140794977545738, "cinema_valid_rec": 0.5570470094680786, "comedy_valid_rec": 0.1205357164144516, "comicbooks_valid_rec": 0.4084506928920746, "diy_and_crafts_valid_rec": 0.17561230063438416, "education_valid_rec": 0.02705882303416729, "entrepreneur_valid_rec": 0.3470744788646698, "fashion_valid_rec": 0.29240983724594116, "fitness_valid_rec": 0.23413896560668945, "food_valid_rec": 0.5205047130584717, "gaming_valid_rec": 0.3373015820980072, "home_and_gardening_valid_rec": 0.1803278625011444, "lifestyle_valid_rec": 0.09717314690351486, "literature_valid_rec": 0.6179337501525879, "marketing_valid_rec": 0.4556961953639984, "motivational_valid_rec": 0.16129031777381897, "music_valid_rec": 0.2983871102333069, "performance_arts_valid_rec": 0.08766233921051025, "pets_valid_rec": 0.20498615503311157, "photography_valid_rec": 0.9826839566230774, "running_valid_rec": 0.517241358757019, "science_valid_rec": 0.6156583428382874, "spirituality_valid_rec": 0.42599278688430786, "sports_valid_rec": 0.301075279712677, "tattoos_valid_rec": 0.39170506596565247, "technology_valid_rec": 0.3891891837120056, "travel_valid_rec": 0.061403509229421616, "vegan_valid_rec": 0.26829269528388977, "video_games_valid_rec": 0.3177570104598999, "wedding_valid_rec": 0.05410821735858917, "yoga_valid_rec": 0.017830608412623405, "acting_valid_prec": 0.07682458311319351, "arts_valid_prec": 0.32248803973197937, "author_valid_prec": 0.08456659317016602, "automotive_valid_prec": 0.07864644378423691, "beauty_valid_prec": 0.950612485408783, "business_valid_prec": 0.0714285746216774, "children_valid_prec": 0.6492637395858765, "cinema_valid_prec": 0.2948490083217621, "comedy_valid_prec": 0.0027675277087837458, "comicbooks_valid_prec": 0.7250000238418579, "diy_and_crafts_valid_prec": 0.48028504848480225, "education_valid_prec": 0.05239180102944374, "entrepreneur_valid_prec": 0.6632782816886902, "fashion_valid_prec": 0.8233137726783752, "fitness_valid_prec": 0.3467561602592468, "food_valid_prec": 0.665859580039978, "gaming_valid_prec": 0.13798701763153076, "home_and_gardening_valid_prec": 0.048287972807884216, "lifestyle_valid_prec": 0.0384078212082386, "literature_valid_prec": 0.480303019285202, "marketing_valid_prec": 0.05678233504295349, "motivational_valid_prec": 0.04012840986251831, "music_valid_prec": 0.05250709503889084, "performance_arts_valid_prec": 0.02172164060175419, "pets_valid_prec": 0.1939711719751358, "photography_valid_prec": 0.2216796875, "running_valid_prec": 0.15000000596046448, "science_valid_prec": 0.17282716929912567, "spirituality_valid_prec": 0.08689248561859131, "sports_valid_prec": 0.19858156144618988, "tattoos_valid_prec": 0.16798418760299683, "technology_valid_prec": 0.048225048929452896, "travel_valid_prec": 0.06194690242409706, "vegan_valid_prec": 0.05253104120492935, "video_games_valid_prec": 0.012129860930144787, "wedding_valid_prec": 0.039881832897663116, "yoga_valid_prec": 0.11428571492433548, "_runtime": 3234, "_timestamp": 1640623026, "_step": 2}