{"epoch": 2, "train_loss": -6.40557409941204, "train_acc": 0.05523887649178505, "valid_loss": -6.567374758921545, "valid_acc": 0.008738553151488304, "LR": 0.002, "O_valid_rec": 0.0, "GPE_valid_rec": 0.8993191123008728, "ORG_valid_rec": 0.9141463041305542, "EMPLOYMENT_valid_rec": 0.9581505656242371, "AGE_valid_rec": 0.9885901212692261, "PERSON_FAM_valid_rec": 0.9312402009963989, "O_valid_prec": 0.0, "GPE_valid_prec": 0.5368077158927917, "ORG_valid_prec": 0.13960501551628113, "EMPLOYMENT_valid_prec": 0.11924053728580475, "AGE_valid_prec": 0.07583385705947876, "PERSON_FAM_valid_prec": 0.12851287424564362, "elr_loss_train": -0.0004528168606662398, "elr_loss_valid": -0.000465770518135975, "_runtime": 387, "_timestamp": 1634645921, "_step": 2}