{"epoch": 30, "train_loss": -1.3537449323468738, "train_acc": 0.4968990981578827, "valid_loss": -1.3094163904562777, "valid_acc": 0.07768934965133667, "LR": 0.001, "O_valid_rec": 0.8727772831916809, "GPE_valid_rec": 0.951234757900238, "ORG_valid_rec": 0.9016058444976807, "EMPLOYMENT_valid_rec": 0.9805724024772644, "AGE_valid_rec": 0.9951423406600952, "PERSON_FAM_valid_rec": 0.946499228477478, "O_valid_prec": 0.8836418390274048, "GPE_valid_prec": 0.06386614590883255, "ORG_valid_prec": 0.015487456694245338, "EMPLOYMENT_valid_prec": 0.013726122677326202, "AGE_valid_prec": 0.008586380630731583, "PERSON_FAM_valid_prec": 0.014692078344523907, "_runtime": 3550, "_timestamp": 1634598131, "_step": 30}