{"epoch": 10, "train_loss": 0.43215082613599326, "train_acc": 0.010265287943184376, "valid_loss": 0.5710305180156595, "valid_acc": 0.0015529760858044028, "LR": 0.0003, "B-ORG_valid_rec": 0.7550220489501953, "I-ORG_valid_rec": 0.5972396731376648, "B-EMPLOYMENT_valid_rec": 0.9834384918212891, "I-EMPLOYMENT_valid_rec": 0.9832402467727661, "B-EMPLOYMENT_valid_prec": 0.07133867591619492, "I-EMPLOYMENT_valid_prec": 0.010068649426102638, "_runtime": 1134, "_timestamp": 1633553565, "_step": 10, "B-EMPLOYMENT_appended_data": 3156, "I-EMPLOYMENT_appended_data": 565}