{"epoch": 22, "train_loss": 0.18085323892412208, "train_acc": 0.4757750332355499, "valid_loss": 0.3312512968044614, "valid_acc": 0.071481853723526, "LR": 0.00015, "O_valid_rec": 0.7483869194984436, "PERSON_valid_rec": 0.8907665014266968, "GPE_valid_rec": 0.9383185505867004, "ORG_valid_rec": 0.891878068447113, "EMPLOYMENT_valid_rec": 0.9949935674667358, "_runtime": 2654, "_timestamp": 1634082225, "_step": 22, "EMPLOYMENT_appended_data": 14008}