{"epoch": 42, "train_loss": 1.1959323923391838, "train_acc": 0.6871703863143921, "valid_loss": 2.590661622530302, "valid_acc": 0.49378636479377747, "LR": 0.001, "acting_valid_rec": 0.6638655662536621, "arts_valid_rec": 0.024428684264421463, "author_valid_rec": 0.634782612323761, "automotive_valid_rec": 0.6645408272743225, "beauty_valid_rec": 0.557180643081665, "business_valid_rec": 0.04494382068514824, "children_valid_rec": 0.30103549361228943, "cinema_valid_rec": 0.0670926496386528, "comedy_valid_rec": 0.9314285516738892, "comicbooks_valid_rec": 0.41584157943725586, "diy_and_crafts_valid_rec": 0.8020918369293213, "education_valid_rec": 0.27883651852607727, "entrepreneur_valid_rec": 0.4642409086227417, "fashion_valid_rec": 0.5136176943778992, "fitness_valid_rec": 0.44063323736190796, "food_valid_rec": 0.5759259462356567, "gaming_valid_rec": 0.09124087542295456, "home_and_gardening_valid_rec": 0.49837133288383484, "lifestyle_valid_rec": 0.6013513803482056, "literature_valid_rec": 0.2865384519100189, "marketing_valid_rec": 0.15662650763988495, "motivational_valid_rec": 0.39240506291389465, "music_valid_rec": 0.4668094217777252, "performance_arts_valid_rec": 0.3180592954158783, "pets_valid_rec": 0.7178423404693604, "photography_valid_rec": 0.5366430282592773, "running_valid_rec": 0.7386363744735718, "science_valid_rec": 0.12820513546466827, "spirituality_valid_rec": 0.13333334028720856, "sports_valid_rec": 0.3497997224330902, "tattoos_valid_rec": 0.7880184054374695, "technology_valid_rec": 0.4010695219039917, "travel_valid_rec": 0.45560407638549805, "vegan_valid_rec": 0.6057692170143127, "video_games_valid_rec": 0.5089285969734192, "wedding_valid_rec": 0.679358720779419, "yoga_valid_rec": 0.52173912525177, "acting_valid_prec": 0.6929824352264404, "arts_valid_prec": 0.32804232835769653, "author_valid_prec": 0.06191688030958176, "automotive_valid_prec": 0.4347100555896759, "beauty_valid_prec": 0.983718752861023, "business_valid_prec": 0.0012638230109587312, "children_valid_prec": 0.9405744671821594, "cinema_valid_prec": 0.1627907007932663, "comedy_valid_prec": 0.05057400092482567, "comicbooks_valid_prec": 0.017405718564987183, "diy_and_crafts_valid_prec": 0.8770550489425659, "education_valid_prec": 0.4455128312110901, "entrepreneur_valid_prec": 0.827740490436554, "fashion_valid_prec": 0.9494181871414185, "fitness_valid_prec": 0.7488788962364197, "food_valid_prec": 0.8591160178184509, "gaming_valid_prec": 0.08474576473236084, "home_and_gardening_valid_prec": 0.5773584842681885, "lifestyle_valid_prec": 0.44836270809173584, "literature_valid_prec": 0.2759259343147278, "marketing_valid_prec": 0.020816653966903687, "motivational_valid_prec": 0.39240506291389465, "music_valid_prec": 0.5844504237174988, "performance_arts_valid_prec": 0.16411682963371277, "pets_valid_prec": 0.7769461274147034, "photography_valid_prec": 0.10558139532804489, "running_valid_prec": 0.4248366057872772, "science_valid_prec": 0.0032404407393187284, "spirituality_valid_prec": 0.027123482897877693, "sports_valid_prec": 0.3679775297641754, "tattoos_valid_prec": 0.8814433217048645, "technology_valid_prec": 0.12953367829322815, "travel_valid_prec": 0.7382075190544128, "vegan_valid_prec": 0.570135772228241, "video_games_valid_prec": 0.2953367829322815, "wedding_valid_prec": 0.8475000262260437, "yoga_valid_prec": 0.634361207485199, "_runtime": 21808, "_timestamp": 1639002173, "_step": 42}