{"epoch": 79, "train_loss": 0.37154663477466376, "train_acc": 0.07349998503923416, "valid_loss": 0.4771209270022322, "valid_acc": 0.011221939697861671, "LR": 0.00025, "B-ORG_valid_rec": 0.7672169208526611, "I-ORG_valid_rec": 0.8586666584014893, "B-EMPLOYMENT_valid_rec": 0.8906902074813843, "I-EMPLOYMENT_valid_rec": 0.9592640995979309, "B-EMPLOYMENT_valid_prec": 0.0878618061542511, "I-EMPLOYMENT_valid_prec": 0.01155867986381054, "_runtime": 5836, "_timestamp": 1633609023, "_step": 79, "_wandb": {"runtime": 5862}}