{"epoch": 9, "train_loss": -2.6301258338822255, "train_acc": 0.46489670872688293, "valid_loss": -2.7678192663133587, "valid_acc": 0.07300031930208206, "LR": 0.001, "O_valid_rec": 0.8149577379226685, "GPE_valid_rec": 0.931011438369751, "ORG_valid_rec": 0.8950802683830261, "EMPLOYMENT_valid_rec": 0.966715395450592, "AGE_valid_rec": 0.9992092251777649, "PERSON_FAM_valid_rec": 0.9343799352645874, "O_valid_prec": 0.8781014084815979, "GPE_valid_prec": 0.06652344763278961, "ORG_valid_prec": 0.01636296883225441, "EMPLOYMENT_valid_prec": 0.014401362277567387, "AGE_valid_prec": 0.0091752540320158, "PERSON_FAM_valid_prec": 0.015435588546097279, "_runtime": 1175, "_timestamp": 1634585573, "_step": 9}