{"epoch": 37, "train_loss": 0.14586558022768625, "train_acc": 0.5283694267272949, "valid_loss": 0.2524094762500197, "valid_acc": 0.08253899216651917, "LR": 0.0005, "O_valid_rec": 0.8885159492492676, "PERSON_valid_rec": 0.9099586606025696, "GPE_valid_rec": 0.9446783661842346, "ORG_valid_rec": 0.8850672841072083, "EMPLOYMENT_valid_rec": 0.9868402481079102, "_runtime": 3720, "_timestamp": 1634045866, "_step": 37}