{"epoch": 39, "train_loss": 0.23605626093827206, "train_acc": 0.011365343816578388, "valid_loss": 0.45870056855756647, "valid_acc": 0.0016435959842056036, "LR": 5e-05, "B-ORG_valid_rec": 0.7809897065162659, "I-ORG_valid_rec": 0.7691342830657959, "B-EMPLOYMENT_valid_rec": 0.9566246271133423, "I-EMPLOYMENT_valid_rec": 0.9608938694000244, "B-EMPLOYMENT_valid_prec": 0.06556756794452667, "I-EMPLOYMENT_valid_prec": 0.009297297336161137, "_runtime": 3849, "_timestamp": 1633515630, "_step": 39, "B-EMPLOYMENT_appended_data": 179, "I-EMPLOYMENT_appended_data": 10, "_wandb": {"runtime": 3851}}