{"epoch": 62, "train_loss": 0.3150707029657208, "train_acc": 0.5085232853889465, "valid_loss": 0.4024464453108273, "valid_acc": 0.07916633039712906, "LR": 0.0005, "O_valid_rec": 0.8586041331291199, "PERSON_valid_rec": 0.8350450992584229, "GPE_valid_rec": 0.8615652918815613, "ORG_valid_rec": 0.8524888157844543, "EMPLOYMENT_valid_rec": 0.9194678664207458, "_runtime": 3880, "_timestamp": 1633985687, "_step": 62}