{"epoch": 4, "train_loss": 0.8702416633948301, "train_acc": 0.008682500571012497, "valid_loss": 0.8454779616436411, "valid_acc": 0.001353256986476481, "LR": 0.0001, "B-EMPLOYMENT_valid_rec": 0.597003161907196, "I-EMPLOYMENT_valid_rec": 0.4134078323841095, "B-EMPLOYMENT_valid_prec": 0.04969800263643265, "I-EMPLOYMENT_valid_prec": 0.004858193453401327, "_runtime": 489, "_timestamp": 1633396356, "_step": 4}