{"epoch": 30, "train_loss": -0.17663881260823536, "train_acc": 0.7402389645576477, "valid_loss": 2.7602786755071276, "valid_acc": 0.5993262529373169, "LR": 0.00025, "acting_valid_rec": 0.5123966932296753, "arts_valid_rec": 0.4901013970375061, "author_valid_rec": 0.37142857909202576, "automotive_valid_rec": 0.6895380616188049, "beauty_valid_rec": 0.790452241897583, "business_valid_rec": 0.3455759584903717, "children_valid_rec": 0.31733569502830505, "cinema_valid_rec": 0.5833333134651184, "comedy_valid_rec": 0.5234899520874023, "comicbooks_valid_rec": 0.375, "diy_and_crafts_valid_rec": 0.5783258080482483, "education_valid_rec": 0.4162735939025879, "entrepreneur_valid_rec": 0.5531914830207825, "fashion_valid_rec": 0.7146576642990112, "fitness_valid_rec": 0.4425981938838959, "food_valid_rec": 0.6977918148040771, "gaming_valid_rec": 0.3333333432674408, "home_and_gardening_valid_rec": 0.37377050518989563, "lifestyle_valid_rec": 0.3409894108772278, "literature_valid_rec": 0.7034883499145508, "marketing_valid_rec": 0.40506330132484436, "motivational_valid_rec": 0.18709677457809448, "music_valid_rec": 0.37808218598365784, "performance_arts_valid_rec": 0.4243243336677551, "pets_valid_rec": 0.4515235424041748, "photography_valid_rec": 0.9567099809646606, "running_valid_rec": 0.5670498013496399, "science_valid_rec": 0.06779661029577255, "spirituality_valid_rec": 0.5595667958259583, "sports_valid_rec": 0.5491251945495605, "tattoos_valid_rec": 0.5253456234931946, "technology_valid_rec": 0.4378378391265869, "travel_valid_rec": 0.44005846977233887, "vegan_valid_rec": 0.36274510622024536, "video_games_valid_rec": 0.2429906576871872, "wedding_valid_rec": 0.49298596382141113, "yoga_valid_rec": 0.2540861666202545, "acting_valid_prec": 0.22738386690616608, "arts_valid_prec": 0.529197096824646, "author_valid_prec": 0.19796954095363617, "automotive_valid_prec": 0.3887399435043335, "beauty_valid_prec": 0.9287671446800232, "business_valid_prec": 0.7366548180580139, "children_valid_prec": 0.7301864624023438, "cinema_valid_prec": 0.4227053225040436, "comedy_valid_prec": 0.47852760553359985, "comicbooks_valid_prec": 0.2083333283662796, "diy_and_crafts_valid_prec": 0.6629504561424255, "education_valid_prec": 0.22657252848148346, "entrepreneur_valid_prec": 0.5113705992698669, "fashion_valid_prec": 0.818791925907135, "fitness_valid_prec": 0.30745014548301697, "food_valid_prec": 0.6070252656936646, "gaming_valid_prec": 0.16867469251155853, "home_and_gardening_valid_prec": 0.3257142901420593, "lifestyle_valid_prec": 0.10794183611869812, "literature_valid_prec": 0.531478762626648, "marketing_valid_prec": 0.2461538463830948, "motivational_valid_prec": 0.10820895433425903, "music_valid_prec": 0.10739299654960632, "performance_arts_valid_prec": 0.1994917392730713, "pets_valid_prec": 0.26121795177459717, "photography_valid_prec": 0.5103926062583923, "running_valid_prec": 0.2846153974533081, "science_valid_prec": 0.800000011920929, "spirituality_valid_prec": 0.3483146131038666, "sports_valid_prec": 0.3777777850627899, "tattoos_valid_prec": 0.41911765933036804, "technology_valid_prec": 0.2207084447145462, "travel_valid_prec": 0.3068297803401947, "vegan_valid_prec": 0.2222222238779068, "video_games_valid_prec": 0.12807881832122803, "wedding_valid_prec": 0.30221131443977356, "yoga_valid_prec": 0.178870290517807, "_runtime": 33430, "_timestamp": 1640084135, "_step": 30}