{"epoch": 99, "train_loss": 0.21180471690876462, "train_acc": 0.8993988037109375, "valid_loss": 0.5485011305036024, "valid_acc": 0.1446875035762787, "LR": 1e-05, "0_valid_rec": 0.9347113966941833, "1_valid_rec": 0.5526315569877625, "0_valid_prec": 0.9863930940628052, "1_valid_prec": 0.013606911525130272, "_runtime": 11072, "_timestamp": 1636498315, "_step": 99, "_wandb": {"runtime": 11074}}