{"epoch": 81, "train_loss": -11.806685793967473, "train_acc": 0.4782850742340088, "valid_loss": -11.650841498789065, "valid_acc": 0.0750083476305008, "LR": 0.00025, "O_valid_rec": 0.8392834067344666, "GPE_valid_rec": 0.9475036859512329, "ORG_valid_rec": 0.9098337292671204, "EMPLOYMENT_valid_rec": 0.9623285531997681, "AGE_valid_rec": 0.9989832639694214, "PERSON_FAM_valid_rec": 0.9292935729026794, "O_valid_prec": 0.8801027536392212, "GPE_valid_prec": 0.06588943302631378, "ORG_valid_prec": 0.016187408939003944, "EMPLOYMENT_valid_prec": 0.01395222544670105, "AGE_valid_prec": 0.008927606977522373, "PERSON_FAM_valid_prec": 0.014940591529011726, "elr_loss_train": -0.0007406589973557164, "elr_loss_valid": -0.0007451169576845998, "_runtime": 9434, "_timestamp": 1634771317, "_step": 81}