{"epoch": 143, "train_loss": 0.0797820622767308, "train_acc": 0.9782458543777466, "valid_loss": 0.06582734490805205, "valid_acc": 0.9821701645851135, "LR": 1e-05, "0_valid_rec": 0.9822251200675964, "1_valid_rec": 0.9926650524139404, "0_valid_prec": 0.9999529719352722, "1_valid_prec": 0.26025640964508057, "_runtime": 64836, "_timestamp": 1636739228, "_step": 143}