{"epoch": 23, "train_loss": 0.26930357743468547, "train_acc": 0.06242819130420685, "valid_loss": 0.3197988529340653, "valid_acc": 0.009574340656399727, "LR": 0.001, "O_valid_rec": 0.0, "PERSON_valid_rec": 0.8350846767425537, "GPE_valid_rec": 0.931233823299408, "ORG_valid_rec": 0.9144497513771057, "EMPLOYMENT_valid_rec": 0.0, "AGE_valid_rec": 0.0, "PERSON_FAM_valid_rec": 0.8180421590805054, "O_valid_prec": 0.0, "PERSON_valid_prec": 0.3205625116825104, "GPE_valid_prec": 0.505868673324585, "ORG_valid_prec": 0.12723635137081146, "EMPLOYMENT_valid_prec": 0.0, "AGE_valid_prec": 0.0, "PERSON_FAM_valid_prec": 0.046332474797964096, "_runtime": 2812, "_timestamp": 1634214028, "_step": 23}