{"epoch": 8, "train_loss": 0.007842951277712918, "train_acc": 0.0032919293735176325, "valid_loss": 0.1672818745404496, "valid_acc": 0.0004952481831423938, "LR": 0.0005, "O_valid_acc": 1.690552835498238e-06, "PER_valid_acc": 0.9650936126708984, "LOC_valid_acc": 0.967298150062561, "ORG_valid_acc": 0.9534056782722473, "_runtime": 60352, "_timestamp": 1632900012, "_step": 8}