{"epoch": 21, "train_loss": 0.20310675389298496, "train_acc": 0.9384182095527649, "valid_loss": 0.10626951975358538, "valid_acc": 0.9753749370574951, "LR": 0.000625, "0_valid_rec": 0.975540280342102, "1_valid_rec": 0.9682151675224304, "0_valid_prec": 0.9997947812080383, "1_valid_prec": 0.19959677755832672, "_runtime": 9777, "_timestamp": 1636751459, "_step": 21}