{"epoch": 12, "train_loss": -10.620586762352595, "train_acc": 0.0551924966275692, "valid_loss": -10.579417554083888, "valid_acc": 0.008681001141667366, "LR": 0.001, "O_valid_rec": 0.0, "GPE_valid_rec": 0.9033114910125732, "ORG_valid_rec": 0.8710775971412659, "EMPLOYMENT_valid_rec": 0.9924100041389465, "AGE_valid_rec": 0.9927700161933899, "PERSON_FAM_valid_rec": 0.8806907534599304, "O_valid_prec": 0.0, "GPE_valid_prec": 0.5427654385566711, "ORG_valid_prec": 0.13390964269638062, "EMPLOYMENT_valid_prec": 0.12432286143302917, "AGE_valid_prec": 0.07665936648845673, "PERSON_FAM_valid_prec": 0.12234269827604294, "_runtime": 1623, "_timestamp": 1634566459, "_step": 12}