{"epoch": 22, "train_loss": 1.1637216193702378, "train_acc": 0.5332884192466736, "valid_loss": 1.6284796556856436, "valid_acc": 0.5210516452789307, "LR": 0.001, "acting_valid_rec": 0.43370166420936584, "arts_valid_rec": 0.3239709436893463, "author_valid_rec": 0.6057142615318298, "automotive_valid_rec": 0.504755437374115, "beauty_valid_rec": 0.7313451170921326, "business_valid_rec": 0.6577629446983337, "children_valid_rec": 0.1678064912557602, "cinema_valid_rec": 0.5805369019508362, "comedy_valid_rec": 0.4893617033958435, "comicbooks_valid_rec": 0.577464759349823, "diy_and_crafts_valid_rec": 0.45700886845588684, "education_valid_rec": 0.251764714717865, "entrepreneur_valid_rec": 0.38855621218681335, "fashion_valid_rec": 0.6760838627815247, "fitness_valid_rec": 0.39123865962028503, "food_valid_rec": 0.6357323527336121, "gaming_valid_rec": 0.3333333432674408, "home_and_gardening_valid_rec": 0.38688525557518005, "lifestyle_valid_rec": 0.30918729305267334, "literature_valid_rec": 0.5812132954597473, "marketing_valid_rec": 0.6835442781448364, "motivational_valid_rec": 0.4838709533214569, "music_valid_rec": 0.29301074147224426, "performance_arts_valid_rec": 0.37662336230278015, "pets_valid_rec": 0.36426591873168945, "photography_valid_rec": 0.7758620977401733, "running_valid_rec": 0.5287356376647949, "science_valid_rec": 0.754448413848877, "spirituality_valid_rec": 0.5920577645301819, "sports_valid_rec": 0.4032258093357086, "tattoos_valid_rec": 0.6082949042320251, "technology_valid_rec": 0.4702702760696411, "travel_valid_rec": 0.4225146174430847, "vegan_valid_rec": 0.4000000059604645, "video_games_valid_rec": 0.37383177876472473, "wedding_valid_rec": 0.46092185378074646, "yoga_valid_rec": 0.08308157324790955, "acting_valid_prec": 0.48307693004608154, "arts_valid_prec": 0.5551867485046387, "author_valid_prec": 0.07642393559217453, "automotive_valid_prec": 0.5391872525215149, "beauty_valid_prec": 0.946098268032074, "business_valid_prec": 0.49066001176834106, "children_valid_prec": 0.7276222109794617, "cinema_valid_prec": 0.34949496388435364, "comedy_valid_prec": 0.012073490768671036, "comicbooks_valid_prec": 0.09579439461231232, "diy_and_crafts_valid_prec": 0.6150069832801819, "education_valid_prec": 0.2597087323665619, "entrepreneur_valid_prec": 0.6020618677139282, "fashion_valid_prec": 0.766834020614624, "fitness_valid_prec": 0.4345637559890747, "food_valid_prec": 0.7229002118110657, "gaming_valid_prec": 0.1438356190919876, "home_and_gardening_valid_prec": 0.13563218712806702, "lifestyle_valid_prec": 0.07322175800800323, "literature_valid_prec": 0.5256637334823608, "marketing_valid_prec": 0.07500000298023224, "motivational_valid_prec": 0.049833886325359344, "music_valid_prec": 0.1439894288778305, "performance_arts_valid_prec": 0.18238992989063263, "pets_valid_prec": 0.26091268658638, "photography_valid_prec": 0.19480518996715546, "running_valid_prec": 0.33740830421447754, "science_valid_prec": 0.35451504588127136, "spirituality_valid_prec": 0.19570405781269073, "sports_valid_prec": 0.5226480960845947, "tattoos_valid_prec": 0.18965516984462738, "technology_valid_prec": 0.13897763192653656, "travel_valid_prec": 0.23306451737880707, "vegan_valid_prec": 0.0858638733625412, "video_games_valid_prec": 0.06932409107685089, "wedding_valid_prec": 0.2896725535392761, "yoga_valid_prec": 0.11022043973207474, "_runtime": 21818, "_timestamp": 1642697653, "_step": 22}