{"epoch": 61, "train_loss": 0.2218460743079428, "train_acc": 0.9595372676849365, "valid_loss": 0.14206963059054067, "valid_acc": 0.9634668231010437, "LR": 0.000125, "0_valid_rec": 0.9641366600990295, "1_valid_rec": 0.8450472950935364, "0_valid_prec": 0.9991095066070557, "1_valid_prec": 0.1155705451965332, "_runtime": 11473, "_timestamp": 1642270234, "_step": 6}