{"epoch": 72, "train_loss": 0.1648227722369985, "train_acc": 0.9385897517204285, "valid_loss": 0.7141132721436673, "valid_acc": 0.9722045063972473, "LR": 5e-05, "0_valid_rec": 0.9832180142402649, "1_valid_rec": 0.6013941764831543, "0_valid_prec": 0.9884712100028992, "1_valid_prec": 0.5076223611831665, "_runtime": 36379, "_timestamp": 1645696274, "_step": 72}