{"epoch": 0, "train_loss": 0.7848055401728267, "train_acc": 0.2716071903705597, "valid_loss": 0.488091881181259, "valid_acc": 0.05244366079568863, "LR": 0.0005, "O_valid_rec": 0.5539390444755554, "PERSON_valid_rec": 0.7976363301277161, "GPE_valid_rec": 0.8414657115936279, "ORG_valid_rec": 0.8431594967842102, "EMPLOYMENT_valid_rec": 0.8523083329200745, "AGE_valid_rec": 0.9993200302124023, "PERSON_FAM_valid_rec": NaN, "_runtime": 160, "_timestamp": 1634159192, "_step": 0}