{"epoch": 6, "train_loss": 0.3352307495606807, "train_acc": 0.5047197937965393, "valid_loss": 0.4052132420144227, "valid_acc": 0.07854674011468887, "LR": 0.0001, "O_valid_rec": 0.85109543800354, "PERSON_valid_rec": 0.8290243744850159, "GPE_valid_rec": 0.8622477054595947, "ORG_valid_rec": 0.8456779718399048, "EMPLOYMENT_valid_rec": 0.9232584834098816, "_runtime": 463, "_timestamp": 1633988532, "_step": 6}