{"epoch": 65, "train_loss": 0.035373543476079926, "train_acc": 0.9728565812110901, "valid_loss": 1.1635982659164767, "valid_acc": 0.9093407988548279, "LR": 0.00024009999999999998, "acting_valid_rec": 0.8980716466903687, "arts_valid_rec": 0.9121197462081909, "author_valid_rec": 0.8095238208770752, "automotive_valid_rec": 0.961277186870575, "beauty_valid_rec": 0.9302939176559448, "business_valid_rec": 0.4457429051399231, "children_valid_rec": 0.8495631217956543, "cinema_valid_rec": 0.8899999856948853, "comedy_valid_rec": 0.9798657894134521, "comicbooks_valid_rec": 0.949999988079071, "diy_and_crafts_valid_rec": 0.9643973708152771, "education_valid_rec": 0.8030660152435303, "entrepreneur_valid_rec": 0.8789893388748169, "fashion_valid_rec": 0.9625097513198853, "fitness_valid_rec": 0.8202416896820068, "food_valid_rec": 0.9444794654846191, "gaming_valid_rec": 0.89682537317276, "home_and_gardening_valid_rec": 0.868852436542511, "lifestyle_valid_rec": 0.8727915287017822, "literature_valid_rec": 0.9186046719551086, "marketing_valid_rec": 0.6455696225166321, "motivational_valid_rec": 0.7096773982048035, "music_valid_rec": 0.9095890522003174, "performance_arts_valid_rec": 0.9243243336677551, "pets_valid_rec": 0.950138509273529, "photography_valid_rec": 0.9653679728507996, "running_valid_rec": 0.8965517282485962, "science_valid_rec": 0.02259887009859085, "spirituality_valid_rec": 0.8483754396438599, "sports_valid_rec": 0.9192463159561157, "tattoos_valid_rec": 0.9539170265197754, "technology_valid_rec": 0.816216230392456, "travel_valid_rec": 0.8932748436927795, "vegan_valid_rec": 0.8284313678741455, "video_games_valid_rec": 0.8878504633903503, "wedding_valid_rec": 0.9078156352043152, "yoga_valid_rec": 0.8959881067276001, "acting_valid_prec": 0.8834688067436218, "arts_valid_prec": 0.933761715888977, "author_valid_prec": 0.47752809524536133, "automotive_valid_prec": 0.8328428268432617, "beauty_valid_prec": 0.990915060043335, "business_valid_prec": 0.5471311211585999, "children_valid_prec": 0.981996476650238, "cinema_valid_prec": 0.8668830990791321, "comedy_valid_prec": 0.9012345671653748, "comicbooks_valid_prec": 0.7037037014961243, "diy_and_crafts_valid_prec": 0.9896631836891174, "education_valid_prec": 0.6382380723953247, "entrepreneur_valid_prec": 0.7650462985038757, "fashion_valid_prec": 0.9895610213279724, "fitness_valid_prec": 0.8619047403335571, "food_valid_prec": 0.9571611285209656, "gaming_valid_prec": 0.8593155741691589, "home_and_gardening_valid_prec": 0.9169549942016602, "lifestyle_valid_prec": 0.9250936508178711, "literature_valid_prec": 0.45620790123939514, "marketing_valid_prec": 0.7846153974533081, "motivational_valid_prec": 0.7638888955116272, "music_valid_prec": 0.8038740754127502, "performance_arts_valid_prec": 0.8999999761581421, "pets_valid_prec": 0.9514563083648682, "photography_valid_prec": 0.16077865660190582, "running_valid_prec": 0.8931297659873962, "science_valid_prec": 0.5714285969734192, "spirituality_valid_prec": 0.7885906100273132, "sports_valid_prec": 0.8537499904632568, "tattoos_valid_prec": 0.9857142567634583, "technology_valid_prec": 0.8435754179954529, "travel_valid_prec": 0.7637500166893005, "vegan_valid_prec": 0.6759999990463257, "video_games_valid_prec": 0.5428571701049805, "wedding_valid_prec": 0.9359503984451294, "yoga_valid_prec": 0.8204081654548645, "_runtime": 72311, "_timestamp": 1639653026, "_step": 65, "_wandb": {"runtime": 72674}}