{"epoch": 25, "train_loss": -0.1988708364582339, "train_acc": 0.7515624761581421, "valid_loss": 3.9923963416415136, "valid_acc": 0.4579004645347595, "LR": 0.0005, "acting_valid_rec": 0.38292011618614197, "arts_valid_rec": 0.39913126826286316, "author_valid_rec": 0.5028571486473083, "automotive_valid_rec": 0.58152174949646, "beauty_valid_rec": 0.6440054178237915, "business_valid_rec": 0.33388981223106384, "children_valid_rec": 0.13721519708633423, "cinema_valid_rec": 0.27000001072883606, "comedy_valid_rec": 0.8299319744110107, "comicbooks_valid_rec": 0.4749999940395355, "diy_and_crafts_valid_rec": 0.37843000888824463, "education_valid_rec": 0.2482353001832962, "entrepreneur_valid_rec": 0.38031914830207825, "fashion_valid_rec": 0.6051809191703796, "fitness_valid_rec": 0.20241691172122955, "food_valid_rec": 0.508517324924469, "gaming_valid_rec": 0.25, "home_and_gardening_valid_rec": 0.32131147384643555, "lifestyle_valid_rec": 0.2632508873939514, "literature_valid_rec": 0.4127906858921051, "marketing_valid_rec": 0.29113924503326416, "motivational_valid_rec": 0.10322580486536026, "music_valid_rec": 0.3145161271095276, "performance_arts_valid_rec": 0.3474026024341583, "pets_valid_rec": 0.29737207293510437, "photography_valid_rec": 0.9826839566230774, "running_valid_rec": 0.5210728049278259, "science_valid_rec": 0.6370106935501099, "spirituality_valid_rec": 0.42599278688430786, "sports_valid_rec": 0.4301075339317322, "tattoos_valid_rec": 0.5023041367530823, "technology_valid_rec": 0.3081081211566925, "travel_valid_rec": 0.2967836260795593, "vegan_valid_rec": 0.2926829159259796, "video_games_valid_rec": 0.21495327353477478, "wedding_valid_rec": 0.36472946405410767, "yoga_valid_rec": 0.19910846650600433, "acting_valid_prec": 0.1693057268857956, "arts_valid_prec": 0.43733474612236023, "author_valid_prec": 0.03768736496567726, "automotive_valid_prec": 0.21864622831344604, "beauty_valid_prec": 0.9485765695571899, "business_valid_prec": 0.3372681140899658, "children_valid_prec": 0.6913265585899353, "cinema_valid_prec": 0.35217392444610596, "comedy_valid_prec": 0.4000000059604645, "comicbooks_valid_prec": 0.019191918894648552, "diy_and_crafts_valid_prec": 0.7024500370025635, "education_valid_prec": 0.21956296265125275, "entrepreneur_valid_prec": 0.5580487847328186, "fashion_valid_prec": 0.8370543718338013, "fitness_valid_prec": 0.31980907917022705, "food_valid_prec": 0.6744769811630249, "gaming_valid_prec": 0.15328466892242432, "home_and_gardening_valid_prec": 0.29518070816993713, "lifestyle_valid_prec": 0.05481972172856331, "literature_valid_prec": 0.26725220680236816, "marketing_valid_prec": 0.21495327353477478, "motivational_valid_prec": 0.09815950691699982, "music_valid_prec": 0.10254163295030594, "performance_arts_valid_prec": 0.13753212988376617, "pets_valid_prec": 0.3058321475982666, "photography_valid_prec": 0.05409914255142212, "running_valid_prec": 0.11961301416158676, "science_valid_prec": 0.11630929261445999, "spirituality_valid_prec": 0.1099720373749733, "sports_valid_prec": 0.4010024964809418, "tattoos_valid_prec": 0.44489794969558716, "technology_valid_prec": 0.08272859454154968, "travel_valid_prec": 0.3295454680919647, "vegan_valid_prec": 0.1538461595773697, "video_games_valid_prec": 0.125, "wedding_valid_prec": 0.34339621663093567, "yoga_valid_prec": 0.25235405564308167, "_runtime": 33593, "_timestamp": 1640394374, "_step": 25}