{"epoch": 39, "train_loss": 0.378026224655427, "train_acc": 0.010928280651569366, "valid_loss": 0.4801963914993722, "valid_acc": 0.0016188087174668908, "LR": 0.0001, "B-GPE_valid_rec": 0.8913915753364563, "I-GPE_valid_rec": 0.6282973885536194, "B-EMPLOYMENT_valid_rec": 0.9337539672851562, "I-EMPLOYMENT_valid_rec": 0.910614550113678, "B-EMPLOYMENT_valid_prec": 0.06497997045516968, "I-EMPLOYMENT_valid_prec": 0.008945722132921219, "_runtime": 5117, "_timestamp": 1633403091, "_step": 39, "B-EMPLOYMENT_appended_data": 345, "I-EMPLOYMENT_appended_data": 95, "_wandb": {"runtime": 5123}}