{"epoch": 10, "train_loss": 0.17333370292970798, "train_acc": 0.9654482007026672, "valid_loss": 0.1366721840757645, "valid_acc": 0.9583337306976318, "LR": 0.001, "0_valid_rec": 0.9588453769683838, "1_valid_rec": 0.883499026298523, "0_valid_prec": 0.9992360472679138, "1_valid_prec": 0.11900808662176132, "_runtime": 16126, "_timestamp": 1642120905, "_step": 10}