{"epoch": 58, "train_loss": -40.73746799287342, "train_acc": 0.5049864053726196, "valid_loss": -40.47700965256608, "valid_acc": 0.0790199264883995, "LR": 0.001, "O_valid_rec": 0.8929101824760437, "GPE_valid_rec": 0.9212554693222046, "ORG_valid_rec": 0.8853203058242798, "EMPLOYMENT_valid_rec": 0.968108057975769, "AGE_valid_rec": 0.980230450630188, "PERSON_FAM_valid_rec": 0.9039246439933777, "O_valid_prec": 0.8888028264045715, "GPE_valid_prec": 0.060811806470155716, "ORG_valid_prec": 0.014951634220778942, "EMPLOYMENT_valid_prec": 0.013323456048965454, "AGE_valid_prec": 0.00831530150026083, "PERSON_FAM_valid_prec": 0.013794947415590286, "elr_loss_train": -0.002527515269956359, "elr_loss_valid": -0.002534201282028007, "_runtime": 6830, "_timestamp": 1634644870, "_step": 58}