{"epoch": 19, "train_loss": 0.03487822340285009, "train_acc": 0.053082820028066635, "valid_loss": 0.07505623401720923, "valid_acc": 0.008236303925514221, "LR": 0.00025, "O_valid_acc": 0.0, "PER_valid_acc": 0.9797574281692505, "LOC_valid_acc": 0.979759693145752, "ORG_valid_acc": 0.9711199998855591, "_runtime": 152710, "_timestamp": 1632735513, "_step": 19, "_wandb": {"runtime": 152711}}