{"epoch": 3, "train_loss": -40.78819397517613, "train_acc": 0.5043454170227051, "valid_loss": -40.48537909363399, "valid_acc": 0.07903658598661423, "LR": 0.001, "O_valid_rec": 0.8928812742233276, "GPE_valid_rec": 0.9243913292884827, "ORG_valid_rec": 0.8823128938674927, "EMPLOYMENT_valid_rec": 0.9647656679153442, "AGE_valid_rec": 0.9854270219802856, "PERSON_FAM_valid_rec": 0.9095133543014526, "O_valid_prec": 0.8885867595672607, "GPE_valid_prec": 0.06100594252347946, "ORG_valid_prec": 0.014897702261805534, "EMPLOYMENT_valid_prec": 0.013274658471345901, "AGE_valid_prec": 0.008357621729373932, "PERSON_FAM_valid_prec": 0.01387731172144413, "elr_loss_train": -0.002527233197479435, "elr_loss_valid": -0.0025316820096885485, "_runtime": 497, "_timestamp": 1634645438, "_step": 3}