{"epoch": 21, "train_loss": 0.09565282528726819, "train_acc": 0.06834253668785095, "valid_loss": 0.1274393759352982, "valid_acc": 0.010586582124233246, "LR": 0.0005, "O_valid_acc": 0.0, "B-PER_valid_acc": 0.9495245814323425, "I-PER_valid_acc": 0.9617170095443726, "B-LOC_valid_acc": 0.971282422542572, "I-LOC_valid_acc": 0.92983478307724, "B-ORG_valid_acc": 0.9626114368438721, "I-ORG_valid_acc": 0.9536876678466797, "_runtime": 77676, "_timestamp": 1633101792, "_step": 21}