{"epoch": 7, "train_loss": -7.578379845808422, "train_acc": 0.4672064781188965, "valid_loss": -7.641609297201001, "valid_acc": 0.07329057902097702, "LR": 0.001, "O_valid_rec": 0.8224642872810364, "GPE_valid_rec": 0.9056053161621094, "ORG_valid_rec": 0.8705101013183594, "EMPLOYMENT_valid_rec": 0.8981269001960754, "AGE_valid_rec": 0.9993221759796143, "PERSON_FAM_valid_rec": 0.8843328356742859, "O_valid_prec": 0.8826798796653748, "GPE_valid_prec": 0.06445183604955673, "ORG_valid_prec": 0.015850776806473732, "EMPLOYMENT_valid_prec": 0.013326596468687057, "AGE_valid_prec": 0.009139950387179852, "PERSON_FAM_valid_prec": 0.014550973661243916, "elr_loss_train": -0.0004815091891191153, "elr_loss_valid": -0.000486229122448805, "_runtime": 953, "_timestamp": 1634653205, "_step": 7}