{"epoch": 26, "train_loss": 1.102732309858838, "train_acc": 0.5847902297973633, "valid_loss": 2.5800321598124176, "valid_acc": 0.47314274311065674, "LR": 0.0005, "acting_valid_rec": 0.5179063081741333, "arts_valid_rec": 0.36793819069862366, "author_valid_rec": 0.3333333432674408, "automotive_valid_rec": 0.6114130616188049, "beauty_valid_rec": 0.5931766629219055, "business_valid_rec": 0.21035058796405792, "children_valid_rec": 0.13093580305576324, "cinema_valid_rec": 0.6133333444595337, "comedy_valid_rec": 0.8053691387176514, "comicbooks_valid_rec": 0.4000000059604645, "diy_and_crafts_valid_rec": 0.4298367500305176, "education_valid_rec": 0.31485849618911743, "entrepreneur_valid_rec": 0.49800533056259155, "fashion_valid_rec": 0.6659724116325378, "fitness_valid_rec": 0.395770400762558, "food_valid_rec": 0.5817034840583801, "gaming_valid_rec": 0.3373015820980072, "home_and_gardening_valid_rec": 0.38360655307769775, "lifestyle_valid_rec": 0.291519433259964, "literature_valid_rec": 0.7093023061752319, "marketing_valid_rec": 0.4556961953639984, "motivational_valid_rec": 0.2709677517414093, "music_valid_rec": 0.30684930086135864, "performance_arts_valid_rec": 0.39459457993507385, "pets_valid_rec": 0.371191143989563, "photography_valid_rec": 0.9740259647369385, "running_valid_rec": 0.5747126340866089, "science_valid_rec": 0.03954802080988884, "spirituality_valid_rec": 0.5812274217605591, "sports_valid_rec": 0.4818304181098938, "tattoos_valid_rec": 0.5529953837394714, "technology_valid_rec": 0.4972972869873047, "travel_valid_rec": 0.41959065198898315, "vegan_valid_rec": 0.529411792755127, "video_games_valid_rec": 0.1962616890668869, "wedding_valid_rec": 0.46693387627601624, "yoga_valid_rec": 0.09361069649457932, "acting_valid_prec": 0.15666666626930237, "arts_valid_prec": 0.43592676520347595, "author_valid_prec": 0.06505576521158218, "automotive_valid_prec": 0.3312476873397827, "beauty_valid_prec": 0.9616035223007202, "business_valid_prec": 0.5249999761581421, "children_valid_prec": 0.6718648672103882, "cinema_valid_prec": 0.23650385439395905, "comedy_valid_prec": 0.21314387023448944, "comicbooks_valid_prec": 0.027444254606962204, "diy_and_crafts_valid_prec": 0.5856602191925049, "education_valid_prec": 0.16856060922145844, "entrepreneur_valid_prec": 0.5346181392669678, "fashion_valid_prec": 0.7730432152748108, "fitness_valid_prec": 0.3160434365272522, "food_valid_prec": 0.6906366944313049, "gaming_valid_prec": 0.12265512347221375, "home_and_gardening_valid_prec": 0.1756756752729416, "lifestyle_valid_prec": 0.06341275572776794, "literature_valid_prec": 0.236129030585289, "marketing_valid_prec": 0.08372092992067337, "motivational_valid_prec": 0.0614934116601944, "music_valid_prec": 0.09991079568862915, "performance_arts_valid_prec": 0.2306477129459381, "pets_valid_prec": 0.18980169296264648, "photography_valid_prec": 0.28160199522972107, "running_valid_prec": 0.16703785955905914, "science_valid_prec": 1.0, "spirituality_valid_prec": 0.13987836241722107, "sports_valid_prec": 0.4172494113445282, "tattoos_valid_prec": 0.23346303403377533, "technology_valid_prec": 0.09028459340333939, "travel_valid_prec": 0.3551980257034302, "vegan_valid_prec": 0.0993560254573822, "video_games_valid_prec": 0.0742049440741539, "wedding_valid_prec": 0.2560439705848694, "yoga_valid_prec": 0.0746445506811142, "_runtime": 29118, "_timestamp": 1639789383, "_step": 26}