{"epoch": 22, "train_loss": 0.25571995613892656, "train_acc": 0.955394446849823, "valid_loss": 0.1446776936363791, "valid_acc": 0.9759702086448669, "LR": 0.001, "0_valid_rec": 0.9772794246673584, "1_valid_rec": 0.7422934770584106, "0_valid_prec": 0.9985397458076477, "1_valid_prec": 0.1533888280391693, "_runtime": 37845, "_timestamp": 1642159999, "_step": 22}