{"epoch": 134, "train_loss": 0.9023913966353639, "train_acc": 0.7506398558616638, "valid_loss": 2.1752565983428624, "valid_acc": 0.6187685132026672, "LR": 6.25e-05, "acting_valid_rec": 0.71074378490448, "arts_valid_rec": 0.4543698728084564, "author_valid_rec": 0.561904788017273, "automotive_valid_rec": 0.711277186870575, "beauty_valid_rec": 0.6147757172584534, "business_valid_rec": 0.22857142984867096, "children_valid_rec": 0.42737749218940735, "cinema_valid_rec": 0.4633333384990692, "comedy_valid_rec": 0.5614035129547119, "comicbooks_valid_rec": 0.876288652420044, "diy_and_crafts_valid_rec": 0.856200098991394, "education_valid_rec": 0.5424528121948242, "entrepreneur_valid_rec": 0.49800533056259155, "fashion_valid_rec": 0.7443374395370483, "fitness_valid_rec": 0.25075528025627136, "food_valid_rec": 0.7053627967834473, "gaming_valid_rec": 0.60317462682724, "home_and_gardening_valid_rec": 0.6163934469223022, "lifestyle_valid_rec": 0.8003533482551575, "literature_valid_rec": 0.42248061299324036, "marketing_valid_rec": 0.6696428656578064, "motivational_valid_rec": 0.4580645263195038, "music_valid_rec": 0.44383561611175537, "performance_arts_valid_rec": 0.4648648500442505, "pets_valid_rec": 0.811634361743927, "photography_valid_rec": 0.7532467246055603, "running_valid_rec": 0.5862069129943848, "science_valid_rec": 0.6475409865379333, "spirituality_valid_rec": 0.21299639344215393, "sports_valid_rec": 0.3862718641757965, "tattoos_valid_rec": 0.8248847723007202, "technology_valid_rec": 0.44324323534965515, "travel_valid_rec": 0.5964912176132202, "vegan_valid_rec": 0.5147058963775635, "video_games_valid_rec": 0.8715596199035645, "wedding_valid_rec": 0.7515029907226562, "yoga_valid_rec": 0.7160000205039978, "acting_valid_prec": 0.45026177167892456, "arts_valid_prec": 0.8753488659858704, "author_valid_prec": 0.13532109558582306, "automotive_valid_prec": 0.6702945232391357, "beauty_valid_prec": 0.9944416880607605, "business_valid_prec": 0.03611738234758377, "children_valid_prec": 0.9748700261116028, "cinema_valid_prec": 0.4809688627719879, "comedy_valid_prec": 0.011000343598425388, "comicbooks_valid_prec": 0.07083333283662796, "diy_and_crafts_valid_prec": 0.9572815299034119, "education_valid_prec": 0.534262478351593, "entrepreneur_valid_prec": 0.9397741556167603, "fashion_valid_prec": 0.9568272829055786, "fitness_valid_prec": 0.7033898234367371, "food_valid_prec": 0.8125, "gaming_valid_prec": 0.3636363744735718, "home_and_gardening_valid_prec": 0.3916666805744171, "lifestyle_valid_prec": 0.8060498237609863, "literature_valid_prec": 0.31142857670783997, "marketing_valid_prec": 0.03795546665787697, "motivational_valid_prec": 0.385869562625885, "music_valid_prec": 0.7232142686843872, "performance_arts_valid_prec": 0.3510203957557678, "pets_valid_prec": 0.8579794764518738, "photography_valid_prec": 0.05607476457953453, "running_valid_prec": 0.22270742058753967, "science_valid_prec": 0.019429415464401245, "spirituality_valid_prec": 0.05170902609825134, "sports_valid_prec": 0.4277198314666748, "tattoos_valid_prec": 0.8994975090026855, "technology_valid_prec": 0.2252747267484665, "travel_valid_prec": 0.8360655903816223, "vegan_valid_prec": 0.6140350699424744, "video_games_valid_prec": 0.46341463923454285, "wedding_valid_prec": 0.7796257734298706, "yoga_valid_prec": 0.8949999809265137, "_runtime": 63190, "_timestamp": 1639489824, "_step": 134, "_wandb": {"runtime": 63323}}