{"epoch": 41, "train_loss": 0.23975187875430423, "train_acc": 0.9620832800865173, "valid_loss": 0.19075881382281157, "valid_acc": 0.9380972981452942, "LR": 0.000125, "0_valid_rec": 0.9384210109710693, "1_valid_rec": 0.8820386528968811, "0_valid_prec": 0.99930340051651, "1_valid_prec": 0.07358891516923904, "_runtime": 69034, "_timestamp": 1642342102, "_step": 41}